2026-08-11 02:21:51 | INFO     | root | Logging em arquivo: C:\Users\LUCAS\Meu Canto\TCC\Hedge-Fund-Lab\data\logs\hedgefund.log (nível=INFO)
2026-08-11 02:21:52 | INFO     | generate_dashboard_data |   VALE3.SA: indicadores já existentes no banco
2026-08-11 02:21:52 | INFO     | generate_dashboard_data |   VALE3.SA: período 2016-01-04 → 2026-08-05  (2639 pregões)
2026-08-11 02:23:26 | INFO     | hedgefund.engine | Data: 2026-06-25 | Técnicos: NENHUM (100%) | Risco: APROVADO | PM: MANTER (0%) -> Analista recomendou manter
2026-08-11 02:23:36 | INFO     | hedgefund.engine | Data: 2026-07-02 | Técnicos: NENHUM (0%) | Risco: APROVADO | PM: MANTER (0%) -> Analista recomendou manter
2026-08-11 02:23:47 | INFO     | hedgefund.engine | Data: 2026-07-09 | Técnicos: NENHUM (0%) | Risco: APROVADO | PM: MANTER (0%) -> Analista recomendou manter
2026-08-11 02:23:57 | INFO     | hedgefund.engine | Data: 2026-07-16 | Técnicos: NENHUM (0%) | Risco: APROVADO | PM: MANTER (0%) -> Analista recomendou manter
2026-08-16 22:27:19 | INFO     | root | Logging em arquivo: C:\Users\LUCAS\Meu Canto\TCC\Hedge-Fund-Lab\data\logs\hedgefund.log (nível=INFO)
2026-08-16 22:27:19 | INFO     | __main__ | Config carregada | db=postgresql://postgres:password@127.0.0.1:5435/hedgefundlab tickers=['PETR4.SA', 'VALE3.SA', 'ITUB4.SA', 'BBDC4.SA', 'BBAS3.SA', 'ABEV3.SA', 'WEGE3.SA', 'CMIG4.SA', 'RENT3.SA', 'SUZB3.SA'] periodo=2016-01-01→2026-08-05 batch=1000 cache=data/raw log=data/logs/hedgefund.log
2026-08-16 22:27:22 | INFO     | prefect.engine | Created flow run 'woodoo-axolotl' for flow 'pipeline-etl'
2026-08-16 22:27:25 | ERROR    | prefect.flow_runs | Crash detected! Execution was aborted by an interrupt signal.
2026-08-16 22:27:41 | INFO     | root | Logging em arquivo: C:\Users\LUCAS\Meu Canto\TCC\Hedge-Fund-Lab\data\logs\hedgefund.log (nível=INFO)
2026-08-16 22:27:41 | INFO     | __main__ | Config carregada | db=postgresql://postgres:password@127.0.0.1:5435/hedgefundlab tickers=['PETR4.SA', 'VALE3.SA', 'ITUB4.SA', 'BBDC4.SA', 'BBAS3.SA', 'ABEV3.SA', 'WEGE3.SA', 'CMIG4.SA', 'RENT3.SA', 'SUZB3.SA'] periodo=2016-01-01→2026-08-05 batch=1000 cache=data/raw log=data/logs/hedgefund.log
2026-08-16 22:27:42 | INFO     | prefect.engine | Created flow run 'elite-rat' for flow 'pipeline-etl'
2026-08-16 22:27:42 | INFO     | prefect.flow_runs | Created task run 'extract_task-0' for task 'extract_task'
2026-08-16 22:27:42 | INFO     | prefect.flow_runs | Executing 'extract_task-0' immediately...
2026-08-16 22:27:43 | INFO     | prefect.task_runs | Finished in state Completed()
2026-08-16 22:27:43 | INFO     | prefect.flow_runs | Created task run 'transform_task-0' for task 'transform_task'
2026-08-16 22:27:43 | INFO     | prefect.flow_runs | Executing 'transform_task-0' immediately...
2026-08-16 22:27:43 | INFO     | prefect.task_runs | Finished in state Completed()
2026-08-16 22:27:43 | INFO     | prefect.flow_runs | Created task run 'load_task-0' for task 'load_task'
2026-08-16 22:27:43 | INFO     | prefect.flow_runs | Executing 'load_task-0' immediately...
2026-08-16 22:27:44 | INFO     | prefect.task_runs | Finished in state Completed()
2026-08-16 22:27:44 | INFO     | prefect.flow_runs | Created task run 'extract_task-1' for task 'extract_task'
2026-08-16 22:27:44 | INFO     | prefect.flow_runs | Executing 'extract_task-1' immediately...
2026-08-16 22:27:44 | INFO     | prefect.task_runs | Finished in state Completed()
2026-08-16 22:27:44 | INFO     | prefect.flow_runs | Created task run 'transform_task-1' for task 'transform_task'
2026-08-16 22:27:44 | INFO     | prefect.flow_runs | Executing 'transform_task-1' immediately...
2026-08-16 22:27:44 | INFO     | prefect.task_runs | Finished in state Completed()
2026-08-16 22:27:44 | INFO     | prefect.flow_runs | Created task run 'load_task-1' for task 'load_task'
2026-08-16 22:27:44 | INFO     | prefect.flow_runs | Executing 'load_task-1' immediately...
2026-08-16 22:27:45 | INFO     | prefect.task_runs | Finished in state Completed()
2026-08-16 22:27:45 | INFO     | prefect.flow_runs | Created task run 'extract_task-2' for task 'extract_task'
2026-08-16 22:27:45 | INFO     | prefect.flow_runs | Executing 'extract_task-2' immediately...
2026-08-16 22:27:45 | INFO     | prefect.task_runs | Finished in state Completed()
2026-08-16 22:27:45 | INFO     | prefect.flow_runs | Created task run 'transform_task-2' for task 'transform_task'
2026-08-16 22:27:45 | INFO     | prefect.flow_runs | Executing 'transform_task-2' immediately...
2026-08-16 22:27:45 | INFO     | prefect.task_runs | Finished in state Completed()
2026-08-16 22:27:45 | INFO     | prefect.flow_runs | Created task run 'load_task-2' for task 'load_task'
2026-08-16 22:27:45 | INFO     | prefect.flow_runs | Executing 'load_task-2' immediately...
2026-08-16 22:27:46 | INFO     | prefect.task_runs | Finished in state Completed()
2026-08-16 22:27:46 | INFO     | prefect.flow_runs | Created task run 'extract_task-3' for task 'extract_task'
2026-08-16 22:27:46 | INFO     | prefect.flow_runs | Executing 'extract_task-3' immediately...
2026-08-16 22:27:46 | INFO     | prefect.task_runs | Finished in state Completed()
2026-08-16 22:27:46 | INFO     | prefect.flow_runs | Created task run 'transform_task-3' for task 'transform_task'
2026-08-16 22:27:46 | INFO     | prefect.flow_runs | Executing 'transform_task-3' immediately...
2026-08-16 22:27:47 | INFO     | prefect.task_runs | Finished in state Completed()
2026-08-16 22:27:47 | INFO     | prefect.flow_runs | Created task run 'load_task-3' for task 'load_task'
2026-08-16 22:27:47 | INFO     | prefect.flow_runs | Executing 'load_task-3' immediately...
2026-08-16 22:27:48 | INFO     | prefect.task_runs | Finished in state Completed()
2026-08-16 22:27:48 | INFO     | prefect.flow_runs | Created task run 'extract_task-4' for task 'extract_task'
2026-08-16 22:27:48 | INFO     | prefect.flow_runs | Executing 'extract_task-4' immediately...
2026-08-16 22:27:48 | INFO     | prefect.task_runs | Finished in state Completed()
2026-08-16 22:27:48 | INFO     | prefect.flow_runs | Created task run 'transform_task-4' for task 'transform_task'
2026-08-16 22:27:48 | INFO     | prefect.flow_runs | Executing 'transform_task-4' immediately...
2026-08-16 22:27:48 | INFO     | prefect.task_runs | Finished in state Completed()
2026-08-16 22:27:48 | INFO     | prefect.flow_runs | Created task run 'load_task-4' for task 'load_task'
2026-08-16 22:27:48 | INFO     | prefect.flow_runs | Executing 'load_task-4' immediately...
2026-08-16 22:27:49 | INFO     | prefect.task_runs | Finished in state Completed()
2026-08-16 22:27:49 | INFO     | prefect.flow_runs | Created task run 'extract_task-5' for task 'extract_task'
2026-08-16 22:27:49 | INFO     | prefect.flow_runs | Executing 'extract_task-5' immediately...
2026-08-16 22:27:49 | INFO     | prefect.task_runs | Finished in state Completed()
2026-08-16 22:27:49 | INFO     | prefect.flow_runs | Created task run 'transform_task-5' for task 'transform_task'
2026-08-16 22:27:49 | INFO     | prefect.flow_runs | Executing 'transform_task-5' immediately...
2026-08-16 22:27:49 | INFO     | prefect.task_runs | Finished in state Completed()
2026-08-16 22:27:49 | INFO     | prefect.flow_runs | Created task run 'load_task-5' for task 'load_task'
2026-08-16 22:27:49 | INFO     | prefect.flow_runs | Executing 'load_task-5' immediately...
2026-08-16 22:27:50 | INFO     | prefect.task_runs | Finished in state Completed()
2026-08-16 22:27:50 | INFO     | prefect.flow_runs | Created task run 'extract_task-6' for task 'extract_task'
2026-08-16 22:27:50 | INFO     | prefect.flow_runs | Executing 'extract_task-6' immediately...
2026-08-16 22:27:50 | INFO     | prefect.task_runs | Finished in state Completed()
2026-08-16 22:27:50 | INFO     | prefect.flow_runs | Created task run 'transform_task-6' for task 'transform_task'
2026-08-16 22:27:50 | INFO     | prefect.flow_runs | Executing 'transform_task-6' immediately...
2026-08-16 22:27:50 | INFO     | prefect.task_runs | Finished in state Completed()
2026-08-16 22:27:50 | INFO     | prefect.flow_runs | Created task run 'load_task-6' for task 'load_task'
2026-08-16 22:27:50 | INFO     | prefect.flow_runs | Executing 'load_task-6' immediately...
2026-08-16 22:27:51 | INFO     | prefect.task_runs | Finished in state Completed()
2026-08-16 22:27:51 | INFO     | prefect.flow_runs | Created task run 'extract_task-7' for task 'extract_task'
2026-08-16 22:27:51 | INFO     | prefect.flow_runs | Executing 'extract_task-7' immediately...
2026-08-16 22:27:51 | INFO     | prefect.task_runs | Finished in state Completed()
2026-08-16 22:27:51 | INFO     | prefect.flow_runs | Created task run 'transform_task-7' for task 'transform_task'
2026-08-16 22:27:51 | INFO     | prefect.flow_runs | Executing 'transform_task-7' immediately...
2026-08-16 22:27:52 | INFO     | prefect.task_runs | Finished in state Completed()
2026-08-16 22:27:52 | INFO     | prefect.flow_runs | Created task run 'load_task-7' for task 'load_task'
2026-08-16 22:27:52 | INFO     | prefect.flow_runs | Executing 'load_task-7' immediately...
2026-08-16 22:27:53 | INFO     | prefect.task_runs | Finished in state Completed()
2026-08-16 22:27:53 | INFO     | prefect.flow_runs | Created task run 'extract_task-8' for task 'extract_task'
2026-08-16 22:27:53 | INFO     | prefect.flow_runs | Executing 'extract_task-8' immediately...
2026-08-16 22:27:53 | INFO     | prefect.task_runs | Finished in state Completed()
2026-08-16 22:27:53 | INFO     | prefect.flow_runs | Created task run 'transform_task-8' for task 'transform_task'
2026-08-16 22:27:53 | INFO     | prefect.flow_runs | Executing 'transform_task-8' immediately...
2026-08-16 22:27:53 | INFO     | prefect.task_runs | Finished in state Completed()
2026-08-16 22:27:53 | INFO     | prefect.flow_runs | Created task run 'load_task-8' for task 'load_task'
2026-08-16 22:27:53 | INFO     | prefect.flow_runs | Executing 'load_task-8' immediately...
2026-08-16 22:27:54 | INFO     | prefect.task_runs | Finished in state Completed()
2026-08-16 22:27:54 | INFO     | prefect.flow_runs | Created task run 'extract_task-9' for task 'extract_task'
2026-08-16 22:27:54 | INFO     | prefect.flow_runs | Executing 'extract_task-9' immediately...
2026-08-16 22:27:54 | INFO     | prefect.task_runs | Finished in state Completed()
2026-08-16 22:27:54 | INFO     | prefect.flow_runs | Created task run 'transform_task-9' for task 'transform_task'
2026-08-16 22:27:54 | INFO     | prefect.flow_runs | Executing 'transform_task-9' immediately...
2026-08-16 22:27:54 | INFO     | prefect.task_runs | Finished in state Completed()
2026-08-16 22:27:54 | INFO     | prefect.flow_runs | Created task run 'load_task-9' for task 'load_task'
2026-08-16 22:27:54 | INFO     | prefect.flow_runs | Executing 'load_task-9' immediately...
2026-08-16 22:27:55 | INFO     | prefect.task_runs | Finished in state Completed()
2026-08-16 22:27:55 | INFO     | prefect.flow_runs | Finished in state Completed('All states completed.')
2026-08-16 22:27:59 | INFO     | root | Logging em arquivo: C:\Users\LUCAS\Meu Canto\TCC\Hedge-Fund-Lab\data\logs\hedgefund.log (nível=INFO)
2026-08-16 22:27:59 | INFO     | generate_dashboard_data | ⏱  Início da execução
2026-08-16 22:27:59 | INFO     | generate_dashboard_data | ============================================================
2026-08-16 22:27:59 | INFO     | generate_dashboard_data | GERADOR DE DADOS DO DASHBOARD (fonte: banco)
2026-08-16 22:27:59 | INFO     | generate_dashboard_data | Tickers: ['PETR4.SA', 'VALE3.SA', 'ITUB4.SA', 'BBDC4.SA', 'BBAS3.SA', 'ABEV3.SA', 'WEGE3.SA', 'CMIG4.SA', 'RENT3.SA', 'SUZB3.SA']
2026-08-16 22:27:59 | INFO     | generate_dashboard_data | Período: 2016-01-01 → 2026-08-05
2026-08-16 22:27:59 | INFO     | generate_dashboard_data | Banco: postgresql://postgres:password@127.0.0.1:5435/hedgefundlab
2026-08-16 22:27:59 | INFO     | generate_dashboard_data | ============================================================
2026-08-16 22:27:59 | INFO     | generate_dashboard_data | Banco com dados completos para 10 tickers
2026-08-16 22:27:59 | INFO     | generate_dashboard_data | Banco já possui dados completos.
2026-08-16 22:27:59 | INFO     | generate_dashboard_data | ⏱  Banco verificado/populado  [0s]
2026-08-16 22:27:59 | INFO     | generate_dashboard_data |   PETR4.SA: indicadores já existentes no banco
2026-08-16 22:27:59 | INFO     | generate_dashboard_data |   PETR4.SA: período 2016-01-04 → 2026-08-05  (2639 pregões)
2026-08-16 22:27:59 | INFO     | generate_dashboard_data |   VALE3.SA: indicadores já existentes no banco
2026-08-16 22:27:59 | INFO     | generate_dashboard_data |   VALE3.SA: período 2016-01-04 → 2026-08-05  (2639 pregões)
2026-08-16 22:27:59 | INFO     | generate_dashboard_data |   ITUB4.SA: indicadores já existentes no banco
2026-08-16 22:27:59 | INFO     | generate_dashboard_data |   ITUB4.SA: período 2016-01-04 → 2026-08-05  (2639 pregões)
2026-08-16 22:27:59 | INFO     | generate_dashboard_data |   BBDC4.SA: indicadores já existentes no banco
2026-08-16 22:27:59 | INFO     | generate_dashboard_data |   BBDC4.SA: período 2016-01-04 → 2026-08-05  (2639 pregões)
2026-08-16 22:28:00 | INFO     | generate_dashboard_data |   BBAS3.SA: indicadores já existentes no banco
2026-08-16 22:28:00 | INFO     | generate_dashboard_data |   BBAS3.SA: período 2016-01-04 → 2026-08-05  (2639 pregões)
2026-08-16 22:28:00 | INFO     | generate_dashboard_data |   ABEV3.SA: indicadores já existentes no banco
2026-08-16 22:28:00 | INFO     | generate_dashboard_data |   ABEV3.SA: período 2016-01-04 → 2026-08-05  (2639 pregões)
2026-08-16 22:28:00 | INFO     | generate_dashboard_data |   WEGE3.SA: indicadores já existentes no banco
2026-08-16 22:28:00 | INFO     | generate_dashboard_data |   WEGE3.SA: período 2016-01-04 → 2026-08-05  (2639 pregões)
2026-08-16 22:28:00 | INFO     | generate_dashboard_data |   CMIG4.SA: indicadores já existentes no banco
2026-08-16 22:28:00 | INFO     | generate_dashboard_data |   CMIG4.SA: período 2016-01-04 → 2026-08-05  (2639 pregões)
2026-08-16 22:28:00 | INFO     | generate_dashboard_data |   RENT3.SA: indicadores já existentes no banco
2026-08-16 22:28:00 | INFO     | generate_dashboard_data |   RENT3.SA: período 2016-01-04 → 2026-08-05  (2639 pregões)
2026-08-16 22:28:00 | INFO     | generate_dashboard_data |   SUZB3.SA: indicadores já existentes no banco
2026-08-16 22:28:00 | INFO     | generate_dashboard_data |   SUZB3.SA: período 2016-01-04 → 2026-08-05  (2639 pregões)
2026-08-16 22:28:01 | INFO     | generate_dashboard_data | Dados OK: 10/10 tickers (fonte: banco)
2026-08-16 22:28:01 | INFO     | generate_dashboard_data | Tickers OK: PETR4.SA, VALE3.SA, ITUB4.SA, BBDC4.SA, BBAS3.SA, ABEV3.SA, WEGE3.SA, CMIG4.SA, RENT3.SA, SUZB3.SA
2026-08-16 22:28:01 | INFO     | generate_dashboard_data | ⏱  Dados lidos do banco  [2s]
2026-08-16 22:28:01 | INFO     | generate_dashboard_data | ────────────────────────────────────────────────────────────
2026-08-16 22:28:01 | INFO     | generate_dashboard_data | FASE: Backtests Single-Asset (10 tickers)
2026-08-16 22:28:01 | INFO     | generate_dashboard_data | ────────────────────────────────────────────────────────────
2026-08-16 22:28:03 | INFO     | src.strategies.sma_cross | SMACross criada: fast=50 slow=200
2026-08-16 22:28:03 | INFO     | src.strategies.bollinger_bands | BollingerBandsStrategy criada: window=20 k=2.0
2026-08-16 22:28:03 | INFO     | src.strategies.buy_and_hold | BuyAndHold: entrada em 2016-01-04 00:00:00 a R$ 1.78
2026-08-16 22:28:03 | INFO     | src.backtesting.engine | Backtest iniciado: capital=100000.00, 2639 dias, estrategia=Buy and Hold
2026-08-16 22:28:03 | INFO     | src.backtesting.engine | Backtest concluído: 100000.00 → 2362210.61 (2262.21%) | 1 trades | custos=CostModel
2026-08-16 22:28:03 | INFO     | src.strategies.sma_cross | DEATH CROSS em 2017-05-03 00:00:00: fast=3.73 slow=3.74
2026-08-16 22:28:03 | INFO     | src.strategies.sma_cross | GOLDEN CROSS em 2017-10-03 00:00:00: fast=3.67 slow=3.66
2026-08-16 22:28:03 | INFO     | src.strategies.sma_cross | DEATH CROSS em 2018-07-23 00:00:00: fast=4.81 slow=4.83
2026-08-16 22:28:03 | INFO     | src.strategies.sma_cross | GOLDEN CROSS em 2018-09-27 00:00:00: fast=5.04 slow=5.03
2026-08-16 22:28:03 | INFO     | src.strategies.sma_cross | DEATH CROSS em 2019-10-01 00:00:00: fast=7.12 slow=7.12
2026-08-16 22:28:03 | INFO     | src.strategies.sma_cross | GOLDEN CROSS em 2019-10-23 00:00:00: fast=7.24 slow=7.23
2026-08-16 22:28:03 | INFO     | src.strategies.sma_cross | DEATH CROSS em 2020-03-17 00:00:00: fast=7.47 slow=7.53
2026-08-16 22:28:03 | INFO     | src.strategies.sma_cross | GOLDEN CROSS em 2020-11-24 00:00:00: fast=5.82 slow=5.81
2026-08-16 22:28:03 | INFO     | src.strategies.sma_cross | DEATH CROSS em 2021-04-28 00:00:00: fast=6.64 slow=6.66
2026-08-16 22:28:03 | INFO     | src.strategies.sma_cross | GOLDEN CROSS em 2021-05-18 00:00:00: fast=6.73 slow=6.71
2026-08-16 22:28:03 | INFO     | src.strategies.sma_cross | DEATH CROSS em 2023-01-06 00:00:00: fast=13.72 slow=13.75
2026-08-16 22:28:03 | INFO     | src.strategies.sma_cross | GOLDEN CROSS em 2023-06-05 00:00:00: fast=14.83 slow=14.76
2026-08-16 22:28:03 | INFO     | src.strategies.sma_cross | DEATH CROSS em 2025-04-29 00:00:00: fast=30.53 slow=30.56
2026-08-16 22:28:03 | INFO     | src.strategies.sma_cross | GOLDEN CROSS em 2025-12-02 00:00:00: fast=29.33 slow=29.31
2026-08-16 22:28:03 | INFO     | src.backtesting.engine | Backtest iniciado: capital=100000.00, 2639 dias, estrategia=SMA Cross (50/200)
2026-08-16 22:28:03 | INFO     | src.backtesting.engine | Backtest concluído: 100000.00 → 270041.51 (170.04%) | 13 trades | custos=CostModel
2026-08-16 22:28:03 | INFO     | src.strategies.bollinger_bands | BB VENDA em 2016-02-22 00:00:00: preço=1.30 > banda_sup=1.28
2026-08-16 22:28:03 | INFO     | src.strategies.bollinger_bands | BB VENDA em 2016-03-01 00:00:00: preço=1.37 > banda_sup=1.36
2026-08-16 22:28:03 | INFO     | src.strategies.bollinger_bands | BB VENDA em 2016-04-13 00:00:00: preço=2.45 > banda_sup=2.38
2026-08-16 22:28:03 | INFO     | src.strategies.bollinger_bands | BB VENDA em 2016-04-15 00:00:00: preço=2.50 > banda_sup=2.47
2026-08-16 22:28:03 | INFO     | src.strategies.bollinger_bands | BB COMPRA em 2016-05-19 00:00:00: preço=2.32 < banda_inf=2.34
2026-08-16 22:28:03 | INFO     | src.strategies.bollinger_bands | BB VENDA em 2016-06-21 00:00:00: preço=2.46 > banda_sup=2.45
2026-08-16 22:28:03 | INFO     | src.strategies.bollinger_bands | BB VENDA em 2016-07-11 00:00:00: preço=2.68 > banda_sup=2.67
2026-08-16 22:28:03 | INFO     | src.strategies.bollinger_bands | BB VENDA em 2016-07-14 00:00:00: preço=2.82 > banda_sup=2.80
2026-08-16 22:28:03 | INFO     | src.strategies.bollinger_bands | BB VENDA em 2016-07-18 00:00:00: preço=2.98 > banda_sup=2.93
2026-08-16 22:28:03 | INFO     | src.strategies.bollinger_bands | BB VENDA em 2016-08-16 00:00:00: preço=3.23 > banda_sup=3.22
2026-08-16 22:28:03 | INFO     | src.strategies.bollinger_bands | BB VENDA em 2016-09-02 00:00:00: preço=3.51 > banda_sup=3.49
2026-08-16 22:28:03 | INFO     | src.strategies.bollinger_bands | BB VENDA em 2016-10-05 00:00:00: preço=3.77 > banda_sup=3.74
2026-08-16 22:28:03 | INFO     | src.strategies.bollinger_bands | BB VENDA em 2016-10-14 00:00:00: preço=4.20 > banda_sup=4.19
2026-08-16 22:28:03 | INFO     | src.strategies.bollinger_bands | BB COMPRA em 2016-11-11 00:00:00: preço=3.62 < banda_inf=3.85
2026-08-16 22:28:03 | INFO     | src.strategies.bollinger_bands | BB COMPRA em 2016-12-19 00:00:00: preço=3.71 < banda_inf=3.73
2026-08-16 22:28:03 | INFO     | src.strategies.bollinger_bands | BB COMPRA em 2017-01-30 00:00:00: preço=3.83 < banda_inf=3.86
2026-08-16 22:28:03 | INFO     | src.strategies.bollinger_bands | BB COMPRA em 2017-03-08 00:00:00: preço=3.76 < banda_inf=3.77
2026-08-16 22:28:03 | INFO     | src.strategies.bollinger_bands | BB COMPRA em 2017-03-14 00:00:00: preço=3.51 < banda_inf=3.59
2026-08-16 22:28:03 | INFO     | src.strategies.bollinger_bands | BB COMPRA em 2017-03-17 00:00:00: preço=3.40 < banda_inf=3.42
2026-08-16 22:28:03 | INFO     | src.strategies.bollinger_bands | BB VENDA em 2017-05-12 00:00:00: preço=3.99 > banda_sup=3.90
2026-08-16 22:28:03 | INFO     | src.strategies.bollinger_bands | BB COMPRA em 2017-06-20 00:00:00: preço=3.06 < banda_inf=3.08
2026-08-16 22:28:03 | INFO     | src.strategies.bollinger_bands | BB VENDA em 2017-07-12 00:00:00: preço=3.34 > banda_sup=3.30
2026-08-16 22:28:04 | INFO     | src.strategies.bollinger_bands | BB VENDA em 2017-08-22 00:00:00: preço=3.56 > banda_sup=3.55
2026-08-16 22:28:04 | INFO     | src.strategies.bollinger_bands | BB VENDA em 2017-09-05 00:00:00: preço=3.72 > banda_sup=3.72
2026-08-16 22:28:04 | INFO     | src.strategies.bollinger_bands | BB VENDA em 2017-09-20 00:00:00: preço=4.10 > banda_sup=4.10
2026-08-16 22:28:04 | INFO     | src.strategies.bollinger_bands | BB VENDA em 2017-10-25 00:00:00: preço=4.32 > banda_sup=4.32
2026-08-16 22:28:04 | INFO     | src.strategies.bollinger_bands | BB VENDA em 2017-10-27 00:00:00: preço=4.40 > banda_sup=4.37
2026-08-16 22:28:04 | INFO     | src.strategies.bollinger_bands | BB VENDA em 2017-11-06 00:00:00: preço=4.50 > banda_sup=4.48
2026-08-16 22:28:04 | INFO     | src.strategies.bollinger_bands | BB COMPRA em 2017-11-14 00:00:00: preço=3.97 < banda_inf=4.07
2026-08-16 22:28:04 | INFO     | src.strategies.bollinger_bands | BB VENDA em 2017-12-26 00:00:00: preço=4.13 > banda_sup=4.12
2026-08-16 22:28:04 | INFO     | src.strategies.bollinger_bands | BB VENDA em 2018-01-02 00:00:00: preço=4.28 > banda_sup=4.24
2026-08-16 22:28:04 | INFO     | src.strategies.bollinger_bands | BB VENDA em 2018-01-17 00:00:00: preço=4.74 > banda_sup=4.69
2026-08-16 22:28:04 | INFO     | src.strategies.bollinger_bands | BB VENDA em 2018-01-24 00:00:00: preço=5.00 > banda_sup=4.94
2026-08-16 22:28:04 | INFO     | src.strategies.bollinger_bands | BB VENDA em 2018-01-26 00:00:00: preço=5.15 > banda_sup=5.11
2026-08-16 22:28:04 | INFO     | src.strategies.bollinger_bands | BB VENDA em 2018-02-23 00:00:00: preço=5.46 > banda_sup=5.43
2026-08-16 22:28:04 | INFO     | src.strategies.bollinger_bands | BB COMPRA em 2018-04-04 00:00:00: preço=5.27 < banda_inf=5.27
2026-08-16 22:28:04 | INFO     | src.strategies.bollinger_bands | BB VENDA em 2018-05-09 00:00:00: preço=6.40 > banda_sup=6.20
2026-08-16 22:28:04 | INFO     | src.strategies.bollinger_bands | BB COMPRA em 2018-05-24 00:00:00: preço=5.20 < banda_inf=5.25
2026-08-16 22:28:04 | INFO     | src.strategies.bollinger_bands | BB COMPRA em 2018-05-28 00:00:00: preço=4.38 < banda_inf=4.77
2026-08-16 22:28:04 | INFO     | src.strategies.bollinger_bands | BB COMPRA em 2018-06-01 00:00:00: preço=4.18 < banda_inf=4.21
2026-08-16 22:28:04 | INFO     | src.strategies.bollinger_bands | BB VENDA em 2018-07-02 00:00:00: preço=4.52 > banda_sup=4.50
2026-08-16 22:28:04 | INFO     | src.strategies.bollinger_bands | BB VENDA em 2018-07-24 00:00:00: preço=5.09 > banda_sup=5.09
2026-08-16 22:28:04 | INFO     | src.strategies.bollinger_bands | BB COMPRA em 2018-08-17 00:00:00: preço=4.79 < banda_inf=4.81
2026-08-16 22:28:04 | INFO     | src.strategies.bollinger_bands | BB COMPRA em 2018-08-21 00:00:00: preço=4.60 < banda_inf=4.67
2026-08-16 22:28:04 | INFO     | src.strategies.bollinger_bands | BB VENDA em 2018-09-18 00:00:00: preço=5.26 > banda_sup=5.17
2026-08-16 22:28:04 | INFO     | src.strategies.bollinger_bands | BB VENDA em 2018-09-27 00:00:00: preço=5.57 > banda_sup=5.44
2026-08-16 22:28:04 | INFO     | src.strategies.bollinger_bands | BB VENDA em 2018-10-02 00:00:00: preço=5.92 > banda_sup=5.73
2026-08-16 22:28:04 | INFO     | src.strategies.bollinger_bands | BB VENDA em 2018-10-08 00:00:00: preço=6.90 > banda_sup=6.57
2026-08-16 22:28:04 | INFO     | src.strategies.bollinger_bands | BB COMPRA em 2018-11-13 00:00:00: preço=6.29 < banda_inf=6.34
2026-08-16 22:28:04 | INFO     | src.strategies.bollinger_bands | BB COMPRA em 2018-12-10 00:00:00: preço=6.11 < banda_inf=6.20
2026-08-16 22:28:04 | INFO     | src.strategies.bollinger_bands | BB COMPRA em 2018-12-18 00:00:00: preço=5.73 < banda_inf=5.77
2026-08-16 22:28:04 | INFO     | src.strategies.bollinger_bands | BB VENDA em 2019-02-04 00:00:00: preço=7.02 > banda_sup=7.00
2026-08-16 22:28:04 | INFO     | src.strategies.bollinger_bands | BB VENDA em 2019-02-14 00:00:00: preço=7.26 > banda_sup=7.15
2026-08-16 22:28:04 | INFO     | src.strategies.bollinger_bands | BB VENDA em 2019-02-19 00:00:00: preço=7.38 > banda_sup=7.34
2026-08-16 22:28:04 | INFO     | src.strategies.bollinger_bands | BB VENDA em 2019-03-13 00:00:00: preço=7.57 > banda_sup=7.55
2026-08-16 22:28:04 | INFO     | src.strategies.bollinger_bands | BB COMPRA em 2019-04-12 00:00:00: preço=6.96 < banda_inf=7.14
2026-08-16 22:28:04 | INFO     | src.strategies.bollinger_bands | BB COMPRA em 2019-05-16 00:00:00: preço=6.82 < banda_inf=6.87
2026-08-16 22:28:04 | INFO     | src.strategies.bollinger_bands | BB VENDA em 2019-06-21 00:00:00: preço=7.66 > banda_sup=7.58
2026-08-16 22:28:04 | INFO     | src.strategies.bollinger_bands | BB VENDA em 2019-07-11 00:00:00: preço=7.69 > banda_sup=7.69
2026-08-16 22:28:04 | INFO     | src.strategies.bollinger_bands | BB COMPRA em 2019-07-26 00:00:00: preço=7.08 < banda_inf=7.15
2026-08-16 22:28:04 | INFO     | src.strategies.bollinger_bands | BB COMPRA em 2019-08-15 00:00:00: preço=6.61 < banda_inf=6.67
2026-08-16 22:28:04 | INFO     | src.strategies.bollinger_bands | BB COMPRA em 2019-10-07 00:00:00: preço=7.14 < banda_inf=7.17
2026-08-16 22:28:04 | INFO     | src.strategies.bollinger_bands | BB VENDA em 2019-10-22 00:00:00: preço=7.80 > banda_sup=7.79
2026-08-16 22:28:04 | INFO     | src.strategies.bollinger_bands | BB VENDA em 2019-10-25 00:00:00: preço=7.98 > banda_sup=7.97
2026-08-16 22:28:04 | INFO     | src.strategies.bollinger_bands | BB VENDA em 2019-12-12 00:00:00: preço=8.51 > banda_sup=8.48
2026-08-16 22:28:04 | INFO     | src.strategies.bollinger_bands | BB COMPRA em 2020-01-27 00:00:00: preço=7.81 < banda_inf=7.98
2026-08-16 22:28:04 | INFO     | src.strategies.bollinger_bands | BB VENDA em 2020-02-19 00:00:00: preço=8.51 > banda_sup=8.48
2026-08-16 22:28:04 | INFO     | src.strategies.bollinger_bands | BB COMPRA em 2020-02-26 00:00:00: preço=7.30 < banda_inf=7.59
2026-08-16 22:28:04 | INFO     | src.strategies.bollinger_bands | BB COMPRA em 2020-03-06 00:00:00: preço=6.36 < banda_inf=6.57
2026-08-16 22:28:04 | INFO     | src.strategies.bollinger_bands | BB VENDA em 2020-04-08 00:00:00: preço=4.82 > banda_sup=4.80
2026-08-16 22:28:04 | INFO     | src.strategies.bollinger_bands | BB VENDA em 2020-05-20 00:00:00: preço=5.37 > banda_sup=5.37
2026-08-16 22:28:04 | INFO     | src.strategies.bollinger_bands | BB VENDA em 2020-06-02 00:00:00: preço=5.96 > banda_sup=5.91
2026-08-16 22:28:04 | INFO     | src.strategies.bollinger_bands | BB VENDA em 2020-07-15 00:00:00: preço=6.50 > banda_sup=6.47
2026-08-16 22:28:04 | INFO     | src.strategies.bollinger_bands | BB COMPRA em 2020-08-03 00:00:00: preço=6.07 < banda_inf=6.08
2026-08-16 22:28:04 | INFO     | src.strategies.bollinger_bands | BB COMPRA em 2020-09-14 00:00:00: preço=6.04 < banda_inf=6.04
2026-08-16 22:28:04 | INFO     | src.strategies.bollinger_bands | BB COMPRA em 2020-09-21 00:00:00: preço=5.82 < banda_inf=5.88
2026-08-16 22:28:04 | INFO     | src.strategies.bollinger_bands | BB COMPRA em 2020-09-28 00:00:00: preço=5.47 < banda_inf=5.47
2026-08-16 22:28:04 | INFO     | src.strategies.bollinger_bands | BB VENDA em 2020-10-22 00:00:00: preço=5.80 > banda_sup=5.78
2026-08-16 22:28:04 | INFO     | src.strategies.bollinger_bands | BB COMPRA em 2020-10-28 00:00:00: preço=5.20 < banda_inf=5.26
2026-08-16 22:28:04 | INFO     | src.strategies.bollinger_bands | BB VENDA em 2020-11-09 00:00:00: preço=6.02 > banda_sup=5.90
2026-08-16 22:28:04 | INFO     | src.strategies.bollinger_bands | BB VENDA em 2020-11-24 00:00:00: preço=7.30 > banda_sup=7.28
2026-08-16 22:28:04 | INFO     | src.strategies.bollinger_bands | BB VENDA em 2021-01-05 00:00:00: preço=8.37 > banda_sup=8.19
2026-08-16 22:28:04 | INFO     | src.strategies.bollinger_bands | BB VENDA em 2021-02-17 00:00:00: preço=8.24 > banda_sup=8.22
2026-08-16 22:28:04 | INFO     | src.strategies.bollinger_bands | BB COMPRA em 2021-02-22 00:00:00: preço=6.03 < banda_inf=6.81
2026-08-16 22:28:04 | INFO     | src.strategies.bollinger_bands | BB VENDA em 2021-04-19 00:00:00: preço=6.99 > banda_sup=6.91
2026-08-16 22:28:04 | INFO     | src.strategies.bollinger_bands | BB VENDA em 2021-05-10 00:00:00: preço=7.11 > banda_sup=7.07
2026-08-16 22:28:04 | INFO     | src.strategies.bollinger_bands | BB VENDA em 2021-05-14 00:00:00: preço=7.57 > banda_sup=7.40
2026-08-16 22:28:04 | INFO     | src.strategies.bollinger_bands | BB VENDA em 2021-06-04 00:00:00: preço=8.20 > banda_sup=8.14
2026-08-16 22:28:04 | INFO     | src.strategies.bollinger_bands | BB COMPRA em 2021-07-06 00:00:00: preço=7.97 < banda_inf=8.05
2026-08-16 22:28:04 | INFO     | src.strategies.bollinger_bands | BB COMPRA em 2021-07-08 00:00:00: preço=7.91 < banda_inf=7.96
2026-08-16 22:28:04 | INFO     | src.strategies.bollinger_bands | BB COMPRA em 2021-07-16 00:00:00: preço=7.68 < banda_inf=7.70
2026-08-16 22:28:04 | INFO     | src.strategies.bollinger_bands | BB VENDA em 2021-08-05 00:00:00: preço=8.16 > banda_sup=8.16
2026-08-16 22:28:04 | INFO     | src.strategies.bollinger_bands | BB COMPRA em 2021-09-08 00:00:00: preço=7.62 < banda_inf=7.79
2026-08-16 22:28:04 | INFO     | src.strategies.bollinger_bands | BB VENDA em 2021-10-04 00:00:00: preço=8.78 > banda_sup=8.70
2026-08-16 22:28:04 | INFO     | src.strategies.bollinger_bands | BB COMPRA em 2021-11-04 00:00:00: preço=7.93 < banda_inf=8.04
2026-08-16 22:28:04 | INFO     | src.strategies.bollinger_bands | BB VENDA em 2021-11-25 00:00:00: preço=9.03 > banda_sup=8.94
2026-08-16 22:28:04 | INFO     | src.strategies.bollinger_bands | BB VENDA em 2021-11-29 00:00:00: preço=8.99 > banda_sup=8.96
2026-08-16 22:28:04 | INFO     | src.strategies.bollinger_bands | BB VENDA em 2021-12-02 00:00:00: preço=9.72 > banda_sup=9.43
2026-08-16 22:28:04 | INFO     | src.strategies.bollinger_bands | BB VENDA em 2022-01-13 00:00:00: preço=10.39 > banda_sup=10.30
2026-08-16 22:28:04 | INFO     | src.strategies.bollinger_bands | BB VENDA em 2022-03-02 00:00:00: preço=11.88 > banda_sup=11.87
2026-08-16 22:28:04 | INFO     | src.strategies.bollinger_bands | BB COMPRA em 2022-03-15 00:00:00: preço=10.66 < banda_inf=10.70
2026-08-16 22:28:04 | INFO     | src.strategies.bollinger_bands | BB VENDA em 2022-04-07 00:00:00: preço=11.66 > banda_sup=11.66
2026-08-16 22:28:04 | INFO     | src.strategies.bollinger_bands | BB VENDA em 2022-05-06 00:00:00: preço=12.39 > banda_sup=12.25
2026-08-16 22:28:04 | INFO     | src.strategies.bollinger_bands | BB VENDA em 2022-05-11 00:00:00: preço=12.58 > banda_sup=12.52
2026-08-16 22:28:04 | INFO     | src.strategies.bollinger_bands | BB COMPRA em 2022-06-17 00:00:00: preço=11.41 < banda_inf=11.68
2026-08-16 22:28:04 | INFO     | src.strategies.bollinger_bands | BB COMPRA em 2022-06-21 00:00:00: preço=11.31 < banda_inf=11.34
2026-08-16 22:28:04 | INFO     | src.strategies.bollinger_bands | BB VENDA em 2022-07-25 00:00:00: preço=12.82 > banda_sup=12.54
2026-08-16 22:28:04 | INFO     | src.strategies.bollinger_bands | BB COMPRA em 2022-09-13 00:00:00: preço=15.72 < banda_inf=15.80
2026-08-16 22:28:04 | INFO     | src.strategies.bollinger_bands | BB VENDA em 2022-10-06 00:00:00: preço=17.27 > banda_sup=17.09
2026-08-16 22:28:04 | INFO     | src.strategies.bollinger_bands | BB VENDA em 2022-10-21 00:00:00: preço=19.35 > banda_sup=19.24
2026-08-16 22:28:04 | INFO     | src.strategies.bollinger_bands | BB COMPRA em 2022-10-31 00:00:00: preço=15.29 < banda_inf=15.45
2026-08-16 22:28:04 | INFO     | src.strategies.bollinger_bands | BB COMPRA em 2022-11-04 00:00:00: preço=14.52 < banda_inf=14.66
2026-08-16 22:28:04 | INFO     | src.strategies.bollinger_bands | BB COMPRA em 2022-12-14 00:00:00: preço=11.78 < banda_inf=12.22
2026-08-16 22:28:04 | INFO     | src.strategies.bollinger_bands | BB VENDA em 2023-01-23 00:00:00: preço=14.70 > banda_sup=14.68
2026-08-16 22:28:04 | INFO     | src.strategies.bollinger_bands | BB COMPRA em 2023-03-13 00:00:00: preço=13.28 < banda_inf=13.31
2026-08-16 22:28:04 | INFO     | src.strategies.bollinger_bands | BB VENDA em 2023-04-11 00:00:00: preço=14.08 > banda_sup=13.79
2026-08-16 22:28:04 | INFO     | src.strategies.bollinger_bands | BB VENDA em 2023-05-11 00:00:00: preço=15.72 > banda_sup=15.56
2026-08-16 22:28:04 | INFO     | src.strategies.bollinger_bands | BB VENDA em 2023-05-16 00:00:00: preço=16.26 > banda_sup=16.25
2026-08-16 22:28:04 | INFO     | src.strategies.bollinger_bands | BB VENDA em 2023-06-06 00:00:00: preço=17.34 > banda_sup=17.24
2026-08-16 22:28:04 | INFO     | src.strategies.bollinger_bands | BB VENDA em 2023-07-31 00:00:00: preço=20.49 > banda_sup=20.49
2026-08-16 22:28:04 | INFO     | src.strategies.bollinger_bands | BB VENDA em 2023-08-23 00:00:00: preço=22.05 > banda_sup=21.47
2026-08-16 22:28:04 | INFO     | src.strategies.bollinger_bands | BB COMPRA em 2023-10-04 00:00:00: preço=22.31 < banda_inf=22.44
2026-08-16 22:28:04 | INFO     | src.strategies.bollinger_bands | BB VENDA em 2023-10-13 00:00:00: preço=24.81 > banda_sup=24.53
2026-08-16 22:28:04 | INFO     | src.strategies.bollinger_bands | BB VENDA em 2024-01-03 00:00:00: preço=27.69 > banda_sup=27.57
2026-08-16 22:28:04 | INFO     | src.strategies.bollinger_bands | BB VENDA em 2024-01-25 00:00:00: preço=27.91 > banda_sup=27.83
2026-08-16 22:28:04 | INFO     | src.strategies.bollinger_bands | BB COMPRA em 2024-03-08 00:00:00: preço=26.08 < banda_inf=27.20
2026-08-16 22:28:04 | INFO     | src.strategies.bollinger_bands | BB VENDA em 2024-04-10 00:00:00: preço=28.13 > banda_sup=28.08
2026-08-16 22:28:04 | INFO     | src.strategies.bollinger_bands | BB VENDA em 2024-04-22 00:00:00: preço=29.49 > banda_sup=29.39
2026-08-16 22:28:04 | INFO     | src.strategies.bollinger_bands | BB VENDA em 2024-04-25 00:00:00: preço=30.00 > banda_sup=29.96
2026-08-16 22:28:04 | INFO     | src.strategies.bollinger_bands | BB COMPRA em 2024-05-17 00:00:00: preço=27.98 < banda_inf=28.01
2026-08-16 22:28:04 | INFO     | src.strategies.bollinger_bands | BB COMPRA em 2024-06-14 00:00:00: preço=27.20 < banda_inf=27.22
2026-08-16 22:28:04 | INFO     | src.strategies.bollinger_bands | BB VENDA em 2024-07-01 00:00:00: preço=30.30 > banda_sup=30.29
2026-08-16 22:28:04 | INFO     | src.strategies.bollinger_bands | BB COMPRA em 2024-07-29 00:00:00: preço=28.93 < banda_inf=29.03
2026-08-16 22:28:04 | INFO     | src.strategies.bollinger_bands | BB COMPRA em 2024-08-02 00:00:00: preço=28.03 < banda_inf=28.41
2026-08-16 22:28:04 | INFO     | src.strategies.bollinger_bands | BB VENDA em 2024-08-26 00:00:00: preço=31.92 > banda_sup=31.22
2026-08-16 22:28:04 | INFO     | src.strategies.bollinger_bands | BB VENDA em 2024-10-07 00:00:00: preço=30.95 > banda_sup=30.85
2026-08-16 22:28:04 | INFO     | src.strategies.bollinger_bands | BB VENDA em 2024-11-14 00:00:00: preço=30.07 > banda_sup=29.99
2026-08-16 22:28:04 | INFO     | src.strategies.bollinger_bands | BB VENDA em 2024-11-22 00:00:00: preço=31.80 > banda_sup=31.23
2026-08-16 22:28:04 | INFO     | src.strategies.bollinger_bands | BB VENDA em 2025-01-31 00:00:00: preço=32.82 > banda_sup=32.80
2026-08-16 22:28:04 | INFO     | src.strategies.bollinger_bands | BB COMPRA em 2025-02-12 00:00:00: preço=31.59 < banda_inf=31.66
2026-08-16 22:28:04 | INFO     | src.strategies.bollinger_bands | BB VENDA em 2025-02-18 00:00:00: preço=33.40 > banda_sup=33.16
2026-08-16 22:28:04 | INFO     | src.strategies.bollinger_bands | BB COMPRA em 2025-03-05 00:00:00: preço=30.15 < banda_inf=30.62
2026-08-16 22:28:04 | INFO     | src.strategies.bollinger_bands | BB COMPRA em 2025-04-07 00:00:00: preço=28.89 < banda_inf=29.09
2026-08-16 22:28:04 | INFO     | src.strategies.bollinger_bands | BB COMPRA em 2025-04-10 00:00:00: preço=27.20 < banda_inf=27.83
2026-08-16 22:28:04 | INFO     | src.strategies.bollinger_bands | BB VENDA em 2025-05-12 00:00:00: preço=28.24 > banda_sup=28.06
2026-08-16 22:28:04 | INFO     | src.strategies.bollinger_bands | BB COMPRA em 2025-06-04 00:00:00: preço=26.98 < banda_inf=27.13
2026-08-16 22:28:04 | INFO     | src.strategies.bollinger_bands | BB VENDA em 2025-06-12 00:00:00: preço=29.19 > banda_sup=29.16
2026-08-16 22:28:04 | INFO     | src.strategies.bollinger_bands | BB VENDA em 2025-06-17 00:00:00: preço=30.28 > banda_sup=30.04
2026-08-16 22:28:04 | INFO     | src.strategies.bollinger_bands | BB COMPRA em 2025-08-08 00:00:00: preço=28.06 < banda_inf=28.27
2026-08-16 22:28:04 | INFO     | src.strategies.bollinger_bands | BB VENDA em 2025-09-23 00:00:00: preço=29.99 > banda_sup=29.98
2026-08-16 22:28:04 | INFO     | src.strategies.bollinger_bands | BB COMPRA em 2025-10-10 00:00:00: preço=28.15 < banda_inf=28.17
2026-08-16 22:28:04 | INFO     | src.strategies.bollinger_bands | BB VENDA em 2025-11-05 00:00:00: preço=29.00 > banda_sup=28.74
2026-08-16 22:28:04 | INFO     | src.strategies.bollinger_bands | BB COMPRA em 2025-12-05 00:00:00: preço=29.49 < banda_inf=29.65
2026-08-16 22:28:04 | INFO     | src.strategies.bollinger_bands | BB COMPRA em 2025-12-16 00:00:00: preço=28.90 < banda_inf=29.08
2026-08-16 22:28:04 | INFO     | src.strategies.bollinger_bands | BB VENDA em 2026-01-13 00:00:00: preço=30.20 > banda_sup=30.15
2026-08-16 22:28:04 | INFO     | src.strategies.bollinger_bands | BB VENDA em 2026-01-21 00:00:00: preço=32.42 > banda_sup=31.96
2026-08-16 22:28:04 | INFO     | src.strategies.bollinger_bands | BB VENDA em 2026-02-24 00:00:00: preço=38.37 > banda_sup=37.96
2026-08-16 22:28:04 | INFO     | src.strategies.bollinger_bands | BB VENDA em 2026-03-02 00:00:00: preço=39.89 > banda_sup=39.22
2026-08-16 22:28:04 | INFO     | src.strategies.bollinger_bands | BB VENDA em 2026-03-06 00:00:00: preço=40.89 > banda_sup=40.85
2026-08-16 22:28:04 | INFO     | src.strategies.bollinger_bands | BB VENDA em 2026-03-11 00:00:00: preço=43.45 > banda_sup=42.94
2026-08-16 22:28:04 | INFO     | src.strategies.bollinger_bands | BB COMPRA em 2026-06-16 00:00:00: preço=38.54 < banda_inf=38.69
2026-08-16 22:28:04 | INFO     | src.strategies.bollinger_bands | BB VENDA em 2026-07-13 00:00:00: preço=40.66 > banda_sup=40.18
2026-08-16 22:28:04 | INFO     | src.strategies.bollinger_bands | BB VENDA em 2026-07-22 00:00:00: preço=42.58 > banda_sup=42.43
2026-08-16 22:28:04 | INFO     | src.backtesting.engine | Backtest iniciado: capital=100000.00, 2639 dias, estrategia=Bollinger Bands (20,2.0)
2026-08-16 22:28:04 | INFO     | src.backtesting.engine | Backtest concluído: 100000.00 → 652915.47 (552.92%) | 68 trades | custos=CostModel
2026-08-16 22:28:04 | INFO     | src.strategies.buy_and_hold | BuyAndHold: entrada em 2016-01-04 00:00:00 a R$ 6.27
2026-08-16 22:28:04 | INFO     | src.backtesting.engine | Backtest iniciado: capital=100000.00, 2639 dias, estrategia=Buy and Hold
2026-08-16 22:28:04 | INFO     | src.backtesting.engine | Backtest concluído: 100000.00 → 1221810.50 (1121.81%) | 1 trades | custos=CostModel
2026-08-16 22:28:04 | INFO     | src.strategies.sma_cross | DEATH CROSS em 2019-01-31 00:00:00: fast=27.94 slow=28.05
2026-08-16 22:28:04 | INFO     | src.strategies.sma_cross | GOLDEN CROSS em 2019-12-18 00:00:00: fast=26.62 slow=26.60
2026-08-16 22:28:04 | INFO     | src.strategies.sma_cross | DEATH CROSS em 2020-03-26 00:00:00: fast=26.59 slow=26.70
2026-08-16 22:28:04 | INFO     | src.strategies.sma_cross | GOLDEN CROSS em 2020-06-16 00:00:00: fast=26.67 slow=26.61
2026-08-16 22:28:04 | INFO     | src.strategies.sma_cross | DEATH CROSS em 2021-10-04 00:00:00: fast=60.88 slow=61.26
2026-08-16 22:28:04 | INFO     | src.strategies.sma_cross | GOLDEN CROSS em 2022-03-10 00:00:00: fast=59.46 slow=59.17
2026-08-16 22:28:04 | INFO     | src.strategies.sma_cross | DEATH CROSS em 2022-07-12 00:00:00: fast=56.67 slow=56.74
2026-08-16 22:28:04 | INFO     | src.strategies.sma_cross | GOLDEN CROSS em 2022-12-09 00:00:00: fast=56.96 slow=56.76
2026-08-16 22:28:04 | INFO     | src.strategies.sma_cross | DEATH CROSS em 2023-05-17 00:00:00: fast=58.49 slow=58.65
2026-08-16 22:28:04 | INFO     | src.strategies.sma_cross | GOLDEN CROSS em 2023-12-05 00:00:00: fast=54.78 slow=54.72
2026-08-16 22:28:04 | INFO     | src.strategies.sma_cross | DEATH CROSS em 2024-03-26 00:00:00: fast=53.81 slow=53.94
2026-08-16 22:28:04 | INFO     | src.strategies.sma_cross | GOLDEN CROSS em 2024-11-01 00:00:00: fast=52.75 slow=52.69
2026-08-16 22:28:04 | INFO     | src.strategies.sma_cross | DEATH CROSS em 2024-12-18 00:00:00: fast=52.14 slow=52.20
2026-08-16 22:28:04 | INFO     | src.strategies.sma_cross | GOLDEN CROSS em 2025-08-20 00:00:00: fast=49.72 slow=49.69
2026-08-16 22:28:04 | INFO     | src.backtesting.engine | Backtest iniciado: capital=100000.00, 2639 dias, estrategia=SMA Cross (50/200)
2026-08-16 22:28:04 | INFO     | src.backtesting.engine | Backtest concluído: 100000.00 → 95411.35 (-4.59%) | 13 trades | custos=CostModel
2026-08-16 22:28:04 | INFO     | src.strategies.bollinger_bands | BB VENDA em 2016-02-16 00:00:00: preço=5.58 > banda_sup=5.42
2026-08-16 22:28:04 | INFO     | src.strategies.bollinger_bands | BB VENDA em 2016-02-22 00:00:00: preço=6.50 > banda_sup=6.23
2026-08-16 22:28:04 | INFO     | src.strategies.bollinger_bands | BB VENDA em 2016-03-02 00:00:00: preço=7.03 > banda_sup=6.89
2026-08-16 22:28:04 | INFO     | src.strategies.bollinger_bands | BB VENDA em 2016-04-11 00:00:00: preço=8.39 > banda_sup=8.26
2026-08-16 22:28:04 | INFO     | src.strategies.bollinger_bands | BB VENDA em 2016-04-19 00:00:00: preço=10.12 > banda_sup=10.02
2026-08-16 22:28:04 | INFO     | src.strategies.bollinger_bands | BB COMPRA em 2016-05-09 00:00:00: preço=7.53 < banda_inf=7.74
2026-08-16 22:28:04 | INFO     | src.strategies.bollinger_bands | BB VENDA em 2016-06-06 00:00:00: preço=8.35 > banda_sup=8.16
2026-08-16 22:28:04 | INFO     | src.strategies.bollinger_bands | BB VENDA em 2016-06-08 00:00:00: preço=8.41 > banda_sup=8.39
2026-08-16 22:28:04 | INFO     | src.strategies.bollinger_bands | BB VENDA em 2016-07-12 00:00:00: preço=8.75 > banda_sup=8.62
2026-08-16 22:28:04 | INFO     | src.strategies.bollinger_bands | BB VENDA em 2016-07-26 00:00:00: preço=9.11 > banda_sup=9.07
2026-08-16 22:28:04 | INFO     | src.strategies.bollinger_bands | BB COMPRA em 2016-08-31 00:00:00: preço=8.38 < banda_inf=8.53
2026-08-16 22:28:04 | INFO     | src.strategies.bollinger_bands | BB COMPRA em 2016-09-13 00:00:00: preço=8.04 < banda_inf=8.14
2026-08-16 22:28:04 | INFO     | src.strategies.bollinger_bands | BB VENDA em 2016-10-10 00:00:00: preço=9.42 > banda_sup=9.35
2026-08-16 22:28:04 | INFO     | src.strategies.bollinger_bands | BB VENDA em 2016-10-20 00:00:00: preço=9.44 > banda_sup=9.43
2026-08-16 22:28:04 | INFO     | src.strategies.bollinger_bands | BB VENDA em 2016-11-10 00:00:00: preço=13.28 > banda_sup=12.91
2026-08-16 22:28:04 | INFO     | src.strategies.bollinger_bands | BB VENDA em 2016-11-28 00:00:00: preço=15.33 > banda_sup=15.09
2026-08-16 22:28:04 | INFO     | src.strategies.bollinger_bands | BB COMPRA em 2016-12-19 00:00:00: preço=12.96 < banda_inf=13.07
2026-08-16 22:28:04 | INFO     | src.strategies.bollinger_bands | BB COMPRA em 2016-12-22 00:00:00: preço=12.62 < banda_inf=12.64
2026-08-16 22:28:04 | INFO     | src.strategies.bollinger_bands | BB VENDA em 2017-01-11 00:00:00: preço=14.49 > banda_sup=14.36
2026-08-16 22:28:04 | INFO     | src.strategies.bollinger_bands | BB VENDA em 2017-02-13 00:00:00: preço=17.81 > banda_sup=17.49
2026-08-16 22:28:04 | INFO     | src.strategies.bollinger_bands | BB COMPRA em 2017-04-12 00:00:00: preço=13.64 < banda_inf=13.64
2026-08-16 22:28:04 | INFO     | src.strategies.bollinger_bands | BB COMPRA em 2017-04-18 00:00:00: preço=13.23 < banda_inf=13.39
2026-08-16 22:28:04 | INFO     | src.strategies.bollinger_bands | BB VENDA em 2017-06-27 00:00:00: preço=14.35 > banda_sup=14.32
2026-08-16 22:28:04 | INFO     | src.strategies.bollinger_bands | BB VENDA em 2017-07-25 00:00:00: preço=15.73 > banda_sup=15.67
2026-08-16 22:28:04 | INFO     | src.strategies.bollinger_bands | BB VENDA em 2017-07-31 00:00:00: preço=16.09 > banda_sup=15.91
2026-08-16 22:28:04 | INFO     | src.strategies.bollinger_bands | BB VENDA em 2017-08-07 00:00:00: preço=16.66 > banda_sup=16.48
2026-08-16 22:28:04 | INFO     | src.strategies.bollinger_bands | BB VENDA em 2017-08-24 00:00:00: preço=17.41 > banda_sup=17.02
2026-08-16 22:28:04 | INFO     | src.strategies.bollinger_bands | BB VENDA em 2017-09-01 00:00:00: preço=18.33 > banda_sup=18.32
2026-08-16 22:28:04 | INFO     | src.strategies.bollinger_bands | BB COMPRA em 2017-09-21 00:00:00: preço=16.71 < banda_inf=16.79
2026-08-16 22:28:04 | INFO     | src.strategies.bollinger_bands | BB VENDA em 2017-10-24 00:00:00: preço=17.39 > banda_sup=17.36
2026-08-16 22:28:04 | INFO     | src.strategies.bollinger_bands | BB VENDA em 2017-11-22 00:00:00: preço=17.85 > banda_sup=17.75
2026-08-16 22:28:04 | INFO     | src.strategies.bollinger_bands | BB VENDA em 2017-11-28 00:00:00: preço=18.63 > banda_sup=18.57
2026-08-16 22:28:04 | INFO     | src.strategies.bollinger_bands | BB VENDA em 2017-12-18 00:00:00: preço=19.45 > banda_sup=19.24
2026-08-16 22:28:04 | INFO     | src.strategies.bollinger_bands | BB VENDA em 2018-02-14 00:00:00: preço=23.12 > banda_sup=22.78
2026-08-16 22:28:04 | INFO     | src.strategies.bollinger_bands | BB VENDA em 2018-04-10 00:00:00: preço=23.55 > banda_sup=23.16
2026-08-16 22:28:04 | INFO     | src.strategies.bollinger_bands | BB VENDA em 2018-04-17 00:00:00: preço=24.13 > banda_sup=24.11
2026-08-16 22:28:04 | INFO     | src.strategies.bollinger_bands | BB VENDA em 2018-05-11 00:00:00: preço=27.65 > banda_sup=27.44
2026-08-16 22:28:04 | INFO     | src.strategies.bollinger_bands | BB VENDA em 2018-07-26 00:00:00: preço=27.73 > banda_sup=27.54
2026-08-16 22:28:04 | INFO     | src.strategies.bollinger_bands | BB VENDA em 2018-08-27 00:00:00: preço=30.09 > banda_sup=29.69
2026-08-16 22:28:04 | INFO     | src.strategies.bollinger_bands | BB VENDA em 2018-09-18 00:00:00: preço=30.99 > banda_sup=30.70
2026-08-16 22:28:04 | INFO     | src.strategies.bollinger_bands | BB VENDA em 2018-09-25 00:00:00: preço=33.62 > banda_sup=33.39
2026-08-16 22:28:04 | INFO     | src.strategies.bollinger_bands | BB COMPRA em 2018-10-24 00:00:00: preço=29.42 < banda_inf=29.49
2026-08-16 22:28:04 | INFO     | src.strategies.bollinger_bands | BB COMPRA em 2018-10-29 00:00:00: preço=28.70 < banda_inf=28.75
2026-08-16 22:28:04 | INFO     | src.strategies.bollinger_bands | BB COMPRA em 2018-11-23 00:00:00: preço=27.21 < banda_inf=27.97
2026-08-16 22:28:04 | INFO     | src.strategies.bollinger_bands | BB VENDA em 2019-01-09 00:00:00: preço=29.02 > banda_sup=28.69
2026-08-16 22:28:04 | INFO     | src.strategies.bollinger_bands | BB COMPRA em 2019-01-28 00:00:00: preço=22.89 < banda_inf=25.01
2026-08-16 22:28:04 | INFO     | src.strategies.bollinger_bands | BB VENDA em 2019-03-13 00:00:00: preço=27.40 > banda_sup=27.38
2026-08-16 22:28:04 | INFO     | src.strategies.bollinger_bands | BB VENDA em 2019-04-08 00:00:00: preço=28.85 > banda_sup=28.72
2026-08-16 22:28:04 | INFO     | src.strategies.bollinger_bands | BB COMPRA em 2019-05-02 00:00:00: preço=26.45 < banda_inf=26.62
2026-08-16 22:28:04 | INFO     | src.strategies.bollinger_bands | BB COMPRA em 2019-05-13 00:00:00: preço=25.63 < banda_inf=25.70
2026-08-16 22:28:04 | INFO     | src.strategies.bollinger_bands | BB COMPRA em 2019-05-16 00:00:00: preço=25.08 < banda_inf=25.11
2026-08-16 22:28:04 | INFO     | src.strategies.bollinger_bands | BB VENDA em 2019-06-11 00:00:00: preço=27.79 > banda_sup=27.64
2026-08-16 22:28:04 | INFO     | src.strategies.bollinger_bands | BB COMPRA em 2019-08-01 00:00:00: preço=26.16 < banda_inf=26.38
2026-08-16 22:28:04 | INFO     | src.strategies.bollinger_bands | BB VENDA em 2019-09-09 00:00:00: preço=25.88 > banda_sup=25.80
2026-08-16 22:28:04 | INFO     | src.strategies.bollinger_bands | BB VENDA em 2019-09-12 00:00:00: preço=26.85 > banda_sup=26.67
2026-08-16 22:28:04 | INFO     | src.strategies.bollinger_bands | BB COMPRA em 2019-10-02 00:00:00: preço=24.37 < banda_inf=24.73
2026-08-16 22:28:04 | INFO     | src.strategies.bollinger_bands | BB VENDA em 2019-12-20 00:00:00: preço=29.61 > banda_sup=29.60
2026-08-16 22:28:04 | INFO     | src.strategies.bollinger_bands | BB VENDA em 2020-01-13 00:00:00: preço=30.68 > banda_sup=30.67
2026-08-16 22:28:04 | INFO     | src.strategies.bollinger_bands | BB VENDA em 2020-01-17 00:00:00: preço=31.62 > banda_sup=31.30
2026-08-16 22:28:04 | INFO     | src.strategies.bollinger_bands | BB COMPRA em 2020-01-27 00:00:00: preço=28.02 < banda_inf=28.53
2026-08-16 22:28:04 | INFO     | src.strategies.bollinger_bands | BB COMPRA em 2020-02-26 00:00:00: preço=25.16 < banda_inf=26.59
2026-08-16 22:28:04 | INFO     | src.strategies.bollinger_bands | BB COMPRA em 2020-03-09 00:00:00: preço=20.99 < banda_inf=22.47
2026-08-16 22:28:04 | INFO     | src.strategies.bollinger_bands | BB COMPRA em 2020-03-12 00:00:00: preço=19.61 < banda_inf=20.39
2026-08-16 22:28:04 | INFO     | src.strategies.bollinger_bands | BB VENDA em 2020-04-29 00:00:00: preço=25.92 > banda_sup=25.49
2026-08-16 22:28:04 | INFO     | src.strategies.bollinger_bands | BB VENDA em 2020-05-08 00:00:00: preço=27.10 > banda_sup=26.24
2026-08-16 22:28:04 | INFO     | src.strategies.bollinger_bands | BB VENDA em 2020-05-18 00:00:00: preço=28.44 > banda_sup=28.07
2026-08-16 22:28:04 | INFO     | src.strategies.bollinger_bands | BB VENDA em 2020-06-04 00:00:00: preço=30.88 > banda_sup=30.76
2026-08-16 22:28:04 | INFO     | src.strategies.bollinger_bands | BB VENDA em 2020-07-13 00:00:00: preço=31.98 > banda_sup=31.91
2026-08-16 22:28:04 | INFO     | src.strategies.bollinger_bands | BB COMPRA em 2020-09-03 00:00:00: preço=32.91 < banda_inf=32.91
2026-08-16 22:28:04 | INFO     | src.strategies.bollinger_bands | BB VENDA em 2020-10-08 00:00:00: preço=35.42 > banda_sup=35.13
2026-08-16 22:28:04 | INFO     | src.strategies.bollinger_bands | BB VENDA em 2020-11-16 00:00:00: preço=37.52 > banda_sup=37.42
2026-08-16 22:28:04 | INFO     | src.strategies.bollinger_bands | BB VENDA em 2021-01-04 00:00:00: preço=52.86 > banda_sup=52.69
2026-08-16 22:28:04 | INFO     | src.strategies.bollinger_bands | BB VENDA em 2021-03-02 00:00:00: preço=58.72 > banda_sup=58.61
2026-08-16 22:28:04 | INFO     | src.strategies.bollinger_bands | BB VENDA em 2021-03-05 00:00:00: preço=60.53 > banda_sup=59.72
2026-08-16 22:28:04 | INFO     | src.strategies.bollinger_bands | BB VENDA em 2021-04-05 00:00:00: preço=62.45 > banda_sup=61.83
2026-08-16 22:28:04 | INFO     | src.strategies.bollinger_bands | BB VENDA em 2021-04-07 00:00:00: preço=63.15 > banda_sup=62.83
2026-08-16 22:28:04 | INFO     | src.strategies.bollinger_bands | BB VENDA em 2021-05-06 00:00:00: preço=69.49 > banda_sup=69.06
2026-08-16 22:28:04 | INFO     | src.strategies.bollinger_bands | BB VENDA em 2021-05-11 00:00:00: preço=71.71 > banda_sup=70.92
2026-08-16 22:28:04 | INFO     | src.strategies.bollinger_bands | BB COMPRA em 2021-06-17 00:00:00: preço=63.96 < banda_inf=64.25
2026-08-16 22:28:04 | INFO     | src.strategies.bollinger_bands | BB VENDA em 2021-07-28 00:00:00: preço=72.25 > banda_sup=72.10
2026-08-16 22:28:04 | INFO     | src.strategies.bollinger_bands | BB COMPRA em 2021-07-30 00:00:00: preço=66.99 < banda_inf=68.14
2026-08-16 22:28:04 | INFO     | src.strategies.bollinger_bands | BB COMPRA em 2021-08-18 00:00:00: preço=63.69 < banda_inf=63.94
2026-08-16 22:28:04 | INFO     | src.strategies.bollinger_bands | BB COMPRA em 2021-09-15 00:00:00: preço=56.50 < banda_inf=56.68
2026-08-16 22:28:04 | INFO     | src.strategies.bollinger_bands | BB COMPRA em 2021-10-29 00:00:00: preço=48.69 < banda_inf=48.93
2026-08-16 22:28:04 | INFO     | src.strategies.bollinger_bands | BB COMPRA em 2021-11-03 00:00:00: preço=45.44 < banda_inf=47.13
2026-08-16 22:28:04 | INFO     | src.strategies.bollinger_bands | BB VENDA em 2021-12-02 00:00:00: preço=49.97 > banda_sup=49.78
2026-08-16 22:28:04 | INFO     | src.strategies.bollinger_bands | BB VENDA em 2021-12-06 00:00:00: preço=51.52 > banda_sup=50.99
2026-08-16 22:28:04 | INFO     | src.strategies.bollinger_bands | BB VENDA em 2022-01-07 00:00:00: preço=57.11 > banda_sup=55.92
2026-08-16 22:28:04 | INFO     | src.strategies.bollinger_bands | BB VENDA em 2022-02-07 00:00:00: preço=61.28 > banda_sup=60.66
2026-08-16 22:28:04 | INFO     | src.strategies.bollinger_bands | BB VENDA em 2022-03-02 00:00:00: preço=67.75 > banda_sup=65.62
2026-08-16 22:28:04 | INFO     | src.strategies.bollinger_bands | BB COMPRA em 2022-04-14 00:00:00: preço=65.02 < banda_inf=65.22
2026-08-16 22:28:04 | INFO     | src.strategies.bollinger_bands | BB COMPRA em 2022-06-17 00:00:00: preço=54.65 < banda_inf=55.32
2026-08-16 22:28:04 | INFO     | src.strategies.bollinger_bands | BB COMPRA em 2022-07-14 00:00:00: preço=47.98 < banda_inf=49.39
2026-08-16 22:28:04 | INFO     | src.strategies.bollinger_bands | BB VENDA em 2022-08-11 00:00:00: preço=51.18 > banda_sup=50.82
2026-08-16 22:28:04 | INFO     | src.strategies.bollinger_bands | BB COMPRA em 2022-09-02 00:00:00: preço=46.73 < banda_inf=46.78
2026-08-16 22:28:04 | INFO     | src.strategies.bollinger_bands | BB VENDA em 2022-10-03 00:00:00: preço=54.95 > banda_sup=54.43
2026-08-16 22:28:04 | INFO     | src.strategies.bollinger_bands | BB COMPRA em 2022-10-28 00:00:00: preço=50.09 < banda_inf=50.68
2026-08-16 22:28:04 | INFO     | src.strategies.bollinger_bands | BB VENDA em 2022-11-11 00:00:00: preço=61.12 > banda_sup=58.29
2026-08-16 22:28:04 | INFO     | src.strategies.bollinger_bands | BB VENDA em 2022-12-27 00:00:00: preço=66.46 > banda_sup=66.02
2026-08-16 22:28:04 | INFO     | src.strategies.bollinger_bands | BB VENDA em 2023-01-05 00:00:00: preço=67.73 > banda_sup=67.68
2026-08-16 22:28:04 | INFO     | src.strategies.bollinger_bands | BB VENDA em 2023-01-26 00:00:00: preço=73.03 > banda_sup=72.72
2026-08-16 22:28:04 | INFO     | src.strategies.bollinger_bands | BB COMPRA em 2023-02-02 00:00:00: preço=66.42 < banda_inf=67.20
2026-08-16 22:28:04 | INFO     | src.strategies.bollinger_bands | BB COMPRA em 2023-03-23 00:00:00: preço=60.60 < banda_inf=60.64
2026-08-16 22:28:04 | INFO     | src.strategies.bollinger_bands | BB COMPRA em 2023-04-05 00:00:00: preço=58.55 < banda_inf=58.62
2026-08-16 22:28:04 | INFO     | src.strategies.bollinger_bands | BB COMPRA em 2023-04-20 00:00:00: preço=56.86 < banda_inf=57.20
2026-08-16 22:28:04 | INFO     | src.strategies.bollinger_bands | BB COMPRA em 2023-05-24 00:00:00: preço=49.54 < banda_inf=49.92
2026-08-16 22:28:04 | INFO     | src.strategies.bollinger_bands | BB COMPRA em 2023-06-30 00:00:00: preço=48.90 < banda_inf=48.92
2026-08-16 22:28:04 | INFO     | src.strategies.bollinger_bands | BB VENDA em 2023-07-24 00:00:00: preço=53.19 > banda_sup=53.06
2026-08-16 22:28:04 | INFO     | src.strategies.bollinger_bands | BB COMPRA em 2023-08-14 00:00:00: preço=48.56 < banda_inf=48.74
2026-08-16 22:28:04 | INFO     | src.strategies.bollinger_bands | BB VENDA em 2023-09-01 00:00:00: preço=54.04 > banda_sup=52.99
2026-08-16 22:28:04 | INFO     | src.strategies.bollinger_bands | BB COMPRA em 2023-10-19 00:00:00: preço=50.54 < banda_inf=50.81
2026-08-16 22:28:04 | INFO     | src.strategies.bollinger_bands | BB VENDA em 2023-11-01 00:00:00: preço=55.17 > banda_sup=55.11
2026-08-16 22:28:04 | INFO     | src.strategies.bollinger_bands | BB VENDA em 2023-12-21 00:00:00: preço=62.25 > banda_sup=61.31
2026-08-16 22:28:04 | INFO     | src.strategies.bollinger_bands | BB VENDA em 2023-12-27 00:00:00: preço=62.59 > banda_sup=62.52
2026-08-16 22:28:04 | INFO     | src.strategies.bollinger_bands | BB COMPRA em 2024-01-17 00:00:00: preço=56.08 < banda_inf=56.25
2026-08-16 22:28:04 | INFO     | src.strategies.bollinger_bands | BB COMPRA em 2024-03-11 00:00:00: preço=51.72 < banda_inf=52.28
2026-08-16 22:28:04 | INFO     | src.strategies.bollinger_bands | BB COMPRA em 2024-03-14 00:00:00: preço=51.07 < banda_inf=51.21
2026-08-16 22:28:04 | INFO     | src.strategies.bollinger_bands | BB VENDA em 2024-04-08 00:00:00: preço=53.20 > banda_sup=52.83
2026-08-16 22:28:04 | INFO     | src.strategies.bollinger_bands | BB VENDA em 2024-05-17 00:00:00: preço=55.91 > banda_sup=55.61
2026-08-16 22:28:04 | INFO     | src.strategies.bollinger_bands | BB COMPRA em 2024-06-03 00:00:00: preço=52.27 < banda_inf=52.79
2026-08-16 22:28:04 | INFO     | src.strategies.bollinger_bands | BB VENDA em 2024-06-28 00:00:00: preço=52.57 > banda_sup=52.41
2026-08-16 22:28:04 | INFO     | src.strategies.bollinger_bands | BB COMPRA em 2024-07-23 00:00:00: preço=50.89 < banda_inf=50.89
2026-08-16 22:28:04 | INFO     | src.strategies.bollinger_bands | BB VENDA em 2024-08-27 00:00:00: preço=52.37 > banda_sup=52.06
2026-08-16 22:28:04 | INFO     | src.strategies.bollinger_bands | BB VENDA em 2024-09-24 00:00:00: preço=52.84 > banda_sup=52.75
2026-08-16 22:28:04 | INFO     | src.strategies.bollinger_bands | BB COMPRA em 2024-11-11 00:00:00: preço=51.36 < banda_inf=51.47
2026-08-16 22:28:04 | INFO     | src.strategies.bollinger_bands | BB VENDA em 2024-12-10 00:00:00: preço=52.34 > banda_sup=52.30
2026-08-16 22:28:04 | INFO     | src.strategies.bollinger_bands | BB COMPRA em 2024-12-18 00:00:00: preço=48.43 < banda_inf=48.55
2026-08-16 22:28:04 | INFO     | src.strategies.bollinger_bands | BB VENDA em 2025-01-30 00:00:00: preço=48.62 > banda_sup=48.57
2026-08-16 22:28:04 | INFO     | src.strategies.bollinger_bands | BB VENDA em 2025-02-20 00:00:00: preço=51.02 > banda_sup=50.42
2026-08-16 22:28:04 | INFO     | src.strategies.bollinger_bands | BB VENDA em 2025-03-14 00:00:00: preço=51.68 > banda_sup=51.64
2026-08-16 22:28:04 | INFO     | src.strategies.bollinger_bands | BB COMPRA em 2025-04-04 00:00:00: preço=48.36 < banda_inf=48.73
2026-08-16 22:28:04 | INFO     | src.strategies.bollinger_bands | BB COMPRA em 2025-06-17 00:00:00: preço=47.20 < banda_inf=47.32
2026-08-16 22:28:04 | INFO     | src.strategies.bollinger_bands | BB VENDA em 2025-07-02 00:00:00: preço=50.77 > banda_sup=50.59
2026-08-16 22:28:04 | INFO     | src.strategies.bollinger_bands | BB VENDA em 2025-07-22 00:00:00: preço=52.79 > banda_sup=52.78
2026-08-16 22:28:04 | INFO     | src.strategies.bollinger_bands | BB VENDA em 2025-08-22 00:00:00: preço=52.06 > banda_sup=51.95
2026-08-16 22:28:04 | INFO     | src.strategies.bollinger_bands | BB VENDA em 2025-08-26 00:00:00: preço=52.65 > banda_sup=52.59
2026-08-16 22:28:04 | INFO     | src.strategies.bollinger_bands | BB VENDA em 2025-10-06 00:00:00: preço=56.63 > banda_sup=56.31
2026-08-16 22:28:04 | INFO     | src.strategies.bollinger_bands | BB VENDA em 2025-10-15 00:00:00: preço=57.83 > banda_sup=57.46
2026-08-16 22:28:04 | INFO     | src.strategies.bollinger_bands | BB VENDA em 2025-10-22 00:00:00: preço=58.80 > banda_sup=58.78
2026-08-16 22:28:04 | INFO     | src.strategies.bollinger_bands | BB VENDA em 2025-10-29 00:00:00: preço=60.18 > banda_sup=60.00
2026-08-16 22:28:04 | INFO     | src.strategies.bollinger_bands | BB VENDA em 2025-11-26 00:00:00: preço=63.27 > banda_sup=63.22
2026-08-16 22:28:04 | INFO     | src.strategies.bollinger_bands | BB VENDA em 2025-11-28 00:00:00: preço=64.05 > banda_sup=63.47
2026-08-16 22:28:04 | INFO     | src.strategies.bollinger_bands | BB VENDA em 2026-01-06 00:00:00: preço=75.87 > banda_sup=75.68
2026-08-16 22:28:04 | INFO     | src.strategies.bollinger_bands | BB VENDA em 2026-01-14 00:00:00: preço=78.92 > banda_sup=78.40
2026-08-16 22:28:04 | INFO     | src.strategies.bollinger_bands | BB VENDA em 2026-01-21 00:00:00: preço=82.50 > banda_sup=81.91
2026-08-16 22:28:04 | INFO     | src.strategies.bollinger_bands | BB COMPRA em 2026-03-05 00:00:00: preço=81.29 < banda_inf=82.05
2026-08-16 22:28:04 | INFO     | src.strategies.bollinger_bands | BB VENDA em 2026-04-01 00:00:00: preço=83.00 > banda_sup=82.72
2026-08-16 22:28:04 | INFO     | src.strategies.bollinger_bands | BB VENDA em 2026-04-08 00:00:00: preço=85.59 > banda_sup=85.35
2026-08-16 22:28:04 | INFO     | src.strategies.bollinger_bands | BB COMPRA em 2026-04-29 00:00:00: preço=79.44 < banda_inf=80.43
2026-08-16 22:28:04 | INFO     | src.strategies.bollinger_bands | BB COMPRA em 2026-05-04 00:00:00: preço=78.66 < banda_inf=79.22
2026-08-16 22:28:04 | INFO     | src.strategies.bollinger_bands | BB COMPRA em 2026-06-05 00:00:00: preço=78.70 < banda_inf=79.81
2026-08-16 22:28:04 | INFO     | src.strategies.bollinger_bands | BB COMPRA em 2026-07-08 00:00:00: preço=72.70 < banda_inf=74.78
2026-08-16 22:28:04 | INFO     | src.backtesting.engine | Backtest iniciado: capital=100000.00, 2639 dias, estrategia=Bollinger Bands (20,2.0)
2026-08-16 22:28:04 | INFO     | src.backtesting.engine | Backtest concluído: 100000.00 → 218165.15 (118.17%) | 55 trades | custos=CostModel
2026-08-16 22:28:04 | INFO     | src.strategies.buy_and_hold | BuyAndHold: entrada em 2016-01-04 00:00:00 a R$ 7.24
2026-08-16 22:28:04 | INFO     | src.backtesting.engine | Backtest iniciado: capital=100000.00, 2639 dias, estrategia=Buy and Hold
2026-08-16 22:28:04 | INFO     | src.backtesting.engine | Backtest concluído: 100000.00 → 585232.31 (485.23%) | 1 trades | custos=CostModel
2026-08-16 22:28:04 | INFO     | src.strategies.sma_cross | DEATH CROSS em 2017-07-25 00:00:00: fast=12.46 slow=12.47
2026-08-16 22:28:04 | INFO     | src.strategies.sma_cross | GOLDEN CROSS em 2017-08-02 00:00:00: fast=12.53 slow=12.52
2026-08-16 22:28:04 | INFO     | src.strategies.sma_cross | DEATH CROSS em 2018-06-28 00:00:00: fast=16.30 slow=16.35
2026-08-16 22:28:04 | INFO     | src.strategies.sma_cross | GOLDEN CROSS em 2018-11-09 00:00:00: fast=17.10 slow=17.08
2026-08-16 22:28:04 | INFO     | src.strategies.sma_cross | DEATH CROSS em 2020-03-02 00:00:00: fast=20.92 slow=20.94
2026-08-16 22:28:04 | INFO     | src.strategies.sma_cross | GOLDEN CROSS em 2020-12-01 00:00:00: fast=15.90 slow=15.88
2026-08-16 22:28:04 | INFO     | src.strategies.sma_cross | DEATH CROSS em 2021-10-14 00:00:00: fast=18.48 slow=18.51
2026-08-16 22:28:04 | INFO     | src.strategies.sma_cross | GOLDEN CROSS em 2022-04-08 00:00:00: fast=16.93 slow=16.92
2026-08-16 22:28:04 | INFO     | src.strategies.sma_cross | DEATH CROSS em 2022-07-04 00:00:00: fast=16.00 slow=16.01
2026-08-16 22:28:04 | INFO     | src.strategies.sma_cross | GOLDEN CROSS em 2022-07-21 00:00:00: fast=15.80 slow=15.80
2026-08-16 22:28:04 | INFO     | src.strategies.sma_cross | DEATH CROSS em 2022-07-25 00:00:00: fast=15.77 slow=15.78
2026-08-16 22:28:04 | INFO     | src.strategies.sma_cross | GOLDEN CROSS em 2022-08-29 00:00:00: fast=15.97 slow=15.95
2026-08-16 22:28:04 | INFO     | src.strategies.sma_cross | DEATH CROSS em 2023-01-24 00:00:00: fast=17.08 slow=17.08
2026-08-16 22:28:04 | INFO     | src.strategies.sma_cross | GOLDEN CROSS em 2023-02-24 00:00:00: fast=17.21 slow=17.20
2026-08-16 22:28:04 | INFO     | src.strategies.sma_cross | DEATH CROSS em 2023-03-21 00:00:00: fast=17.19 slow=17.19
2026-08-16 22:28:04 | INFO     | src.strategies.sma_cross | GOLDEN CROSS em 2023-06-06 00:00:00: fast=17.76 slow=17.71
2026-08-16 22:28:04 | INFO     | src.strategies.sma_cross | DEATH CROSS em 2025-01-07 00:00:00: fast=25.27 slow=25.28
2026-08-16 22:28:04 | INFO     | src.strategies.sma_cross | GOLDEN CROSS em 2025-03-19 00:00:00: fast=25.68 slow=25.67
2026-08-16 22:28:04 | INFO     | src.backtesting.engine | Backtest iniciado: capital=100000.00, 2639 dias, estrategia=SMA Cross (50/200)
2026-08-16 22:28:04 | INFO     | src.backtesting.engine | Backtest concluído: 100000.00 → 140126.95 (40.13%) | 17 trades | custos=CostModel
2026-08-16 22:28:04 | INFO     | src.strategies.bollinger_bands | BB VENDA em 2016-02-22 00:00:00: preço=7.48 > banda_sup=7.47
2026-08-16 22:28:04 | INFO     | src.strategies.bollinger_bands | BB VENDA em 2016-03-01 00:00:00: preço=7.88 > banda_sup=7.70
2026-08-16 22:28:04 | INFO     | src.strategies.bollinger_bands | BB COMPRA em 2016-06-14 00:00:00: preço=8.49 < banda_inf=8.51
2026-08-16 22:28:04 | INFO     | src.strategies.bollinger_bands | BB COMPRA em 2016-06-27 00:00:00: preço=8.30 < banda_inf=8.31
2026-08-16 22:28:04 | INFO     | src.strategies.bollinger_bands | BB VENDA em 2016-07-08 00:00:00: preço=9.48 > banda_sup=9.45
2026-08-16 22:28:04 | INFO     | src.strategies.bollinger_bands | BB VENDA em 2016-07-14 00:00:00: preço=9.97 > banda_sup=9.93
2026-08-16 22:28:04 | INFO     | src.strategies.bollinger_bands | BB VENDA em 2016-08-04 00:00:00: preço=10.53 > banda_sup=10.52
2026-08-16 22:28:04 | INFO     | src.strategies.bollinger_bands | BB VENDA em 2016-08-15 00:00:00: preço=10.91 > banda_sup=10.84
2026-08-16 22:28:04 | INFO     | src.strategies.bollinger_bands | BB VENDA em 2016-10-05 00:00:00: preço=11.24 > banda_sup=11.17
2026-08-16 22:28:04 | INFO     | src.strategies.bollinger_bands | BB VENDA em 2016-10-14 00:00:00: preço=11.76 > banda_sup=11.75
2026-08-16 22:28:04 | INFO     | src.strategies.bollinger_bands | BB VENDA em 2016-10-31 00:00:00: preço=12.70 > banda_sup=12.66
2026-08-16 22:28:04 | INFO     | src.strategies.bollinger_bands | BB COMPRA em 2016-12-12 00:00:00: preço=10.76 < banda_inf=10.87
2026-08-16 22:28:04 | INFO     | src.strategies.bollinger_bands | BB COMPRA em 2016-12-19 00:00:00: preço=10.26 < banda_inf=10.33
2026-08-16 22:28:04 | INFO     | src.strategies.bollinger_bands | BB VENDA em 2017-01-03 00:00:00: preço=11.75 > banda_sup=11.70
2026-08-16 22:28:04 | INFO     | src.strategies.bollinger_bands | BB VENDA em 2017-02-08 00:00:00: preço=13.36 > banda_sup=13.24
2026-08-16 22:28:04 | INFO     | src.strategies.bollinger_bands | BB VENDA em 2017-02-15 00:00:00: preço=14.01 > banda_sup=13.85
2026-08-16 22:28:04 | INFO     | src.strategies.bollinger_bands | BB COMPRA em 2017-03-17 00:00:00: preço=13.09 < banda_inf=13.19
2026-08-16 22:28:04 | INFO     | src.strategies.bollinger_bands | BB COMPRA em 2017-03-21 00:00:00: preço=12.95 < banda_inf=13.01
2026-08-16 22:28:04 | INFO     | src.strategies.bollinger_bands | BB COMPRA em 2017-04-13 00:00:00: preço=12.73 < banda_inf=12.78
2026-08-16 22:28:04 | INFO     | src.strategies.bollinger_bands | BB VENDA em 2017-05-02 00:00:00: preço=13.74 > banda_sup=13.62
2026-08-16 22:28:04 | INFO     | src.strategies.bollinger_bands | BB COMPRA em 2017-05-18 00:00:00: preço=11.90 < banda_inf=12.50
2026-08-16 22:28:04 | INFO     | src.strategies.bollinger_bands | BB VENDA em 2017-07-03 00:00:00: preço=12.73 > banda_sup=12.71
2026-08-16 22:28:04 | INFO     | src.strategies.bollinger_bands | BB VENDA em 2017-08-01 00:00:00: preço=13.23 > banda_sup=13.07
2026-08-16 22:28:04 | INFO     | src.strategies.bollinger_bands | BB VENDA em 2017-08-07 00:00:00: preço=13.51 > banda_sup=13.46
2026-08-16 22:28:04 | INFO     | src.strategies.bollinger_bands | BB VENDA em 2017-09-11 00:00:00: preço=14.84 > banda_sup=14.81
2026-08-16 22:28:04 | INFO     | src.strategies.bollinger_bands | BB VENDA em 2017-09-15 00:00:00: preço=15.14 > banda_sup=15.14
2026-08-16 22:28:04 | INFO     | src.strategies.bollinger_bands | BB VENDA em 2017-10-03 00:00:00: preço=15.59 > banda_sup=15.45
2026-08-16 22:28:04 | INFO     | src.strategies.bollinger_bands | BB VENDA em 2017-10-05 00:00:00: preço=15.70 > banda_sup=15.61
2026-08-16 22:28:04 | INFO     | src.strategies.bollinger_bands | BB COMPRA em 2017-10-30 00:00:00: preço=14.97 < banda_inf=15.01
2026-08-16 22:28:04 | INFO     | src.strategies.bollinger_bands | BB VENDA em 2018-01-02 00:00:00: preço=15.31 > banda_sup=15.21
2026-08-16 22:28:04 | INFO     | src.strategies.bollinger_bands | BB VENDA em 2018-01-22 00:00:00: preço=16.82 > banda_sup=16.81
2026-08-16 22:28:04 | INFO     | src.strategies.bollinger_bands | BB VENDA em 2018-01-24 00:00:00: preço=17.57 > banda_sup=17.27
2026-08-16 22:28:04 | INFO     | src.strategies.bollinger_bands | BB VENDA em 2018-02-22 00:00:00: preço=19.18 > banda_sup=19.18
2026-08-16 22:28:04 | INFO     | src.strategies.bollinger_bands | BB COMPRA em 2018-03-19 00:00:00: preço=18.27 < banda_inf=18.31
2026-08-16 22:28:04 | INFO     | src.strategies.bollinger_bands | BB COMPRA em 2018-05-02 00:00:00: preço=17.76 < banda_inf=18.00
2026-08-16 22:28:04 | INFO     | src.strategies.bollinger_bands | BB COMPRA em 2018-06-14 00:00:00: preço=13.90 < banda_inf=14.00
2026-08-16 22:28:04 | INFO     | src.strategies.bollinger_bands | BB VENDA em 2018-07-04 00:00:00: preço=15.32 > banda_sup=15.30
2026-08-16 22:28:04 | INFO     | src.strategies.bollinger_bands | BB VENDA em 2018-07-13 00:00:00: preço=16.16 > banda_sup=16.08
2026-08-16 22:28:04 | INFO     | src.strategies.bollinger_bands | BB COMPRA em 2018-08-10 00:00:00: preço=15.79 < banda_inf=15.90
2026-08-16 22:28:04 | INFO     | src.strategies.bollinger_bands | BB VENDA em 2018-09-27 00:00:00: preço=16.55 > banda_sup=16.49
2026-08-16 22:28:04 | INFO     | src.strategies.bollinger_bands | BB VENDA em 2018-10-02 00:00:00: preço=16.85 > banda_sup=16.77
2026-08-16 22:28:04 | INFO     | src.strategies.bollinger_bands | BB VENDA em 2018-10-08 00:00:00: preço=18.61 > banda_sup=18.10
2026-08-16 22:28:04 | INFO     | src.strategies.bollinger_bands | BB VENDA em 2018-11-16 00:00:00: preço=19.62 > banda_sup=19.52
2026-08-16 22:28:04 | INFO     | src.strategies.bollinger_bands | BB VENDA em 2018-11-28 00:00:00: preço=20.10 > banda_sup=20.04
2026-08-16 22:28:04 | INFO     | src.strategies.bollinger_bands | BB COMPRA em 2018-12-26 00:00:00: preço=18.84 < banda_inf=18.95
2026-08-16 22:28:04 | INFO     | src.strategies.bollinger_bands | BB VENDA em 2019-01-02 00:00:00: preço=20.67 > banda_sup=20.47
2026-08-16 22:28:04 | INFO     | src.strategies.bollinger_bands | BB VENDA em 2019-01-31 00:00:00: preço=21.66 > banda_sup=21.51
2026-08-16 22:28:04 | INFO     | src.strategies.bollinger_bands | BB VENDA em 2019-03-11 00:00:00: preço=21.67 > banda_sup=21.62
2026-08-16 22:28:04 | INFO     | src.strategies.bollinger_bands | BB VENDA em 2019-03-13 00:00:00: preço=21.95 > banda_sup=21.90
2026-08-16 22:28:04 | INFO     | src.strategies.bollinger_bands | BB COMPRA em 2019-03-22 00:00:00: preço=19.69 < banda_inf=19.91
2026-08-16 22:28:04 | INFO     | src.strategies.bollinger_bands | BB COMPRA em 2019-03-27 00:00:00: preço=19.25 < banda_inf=19.27
2026-08-16 22:28:04 | INFO     | src.strategies.bollinger_bands | BB COMPRA em 2019-05-13 00:00:00: preço=18.74 < banda_inf=18.75
2026-08-16 22:28:04 | INFO     | src.strategies.bollinger_bands | BB VENDA em 2019-05-30 00:00:00: preço=20.61 > banda_sup=20.55
2026-08-16 22:28:04 | INFO     | src.strategies.bollinger_bands | BB VENDA em 2019-06-21 00:00:00: preço=21.26 > banda_sup=21.19
2026-08-16 22:28:04 | INFO     | src.strategies.bollinger_bands | BB VENDA em 2019-06-26 00:00:00: preço=21.45 > banda_sup=21.39
2026-08-16 22:28:04 | INFO     | src.strategies.bollinger_bands | BB COMPRA em 2019-07-31 00:00:00: preço=20.47 < banda_inf=20.83
2026-08-16 22:28:04 | INFO     | src.strategies.bollinger_bands | BB COMPRA em 2019-08-05 00:00:00: preço=20.26 < banda_inf=20.29
2026-08-16 22:28:04 | INFO     | src.strategies.bollinger_bands | BB VENDA em 2019-09-06 00:00:00: preço=21.17 > banda_sup=21.15
2026-08-16 22:28:04 | INFO     | src.strategies.bollinger_bands | BB COMPRA em 2019-10-02 00:00:00: preço=20.04 < banda_inf=20.25
2026-08-16 22:28:04 | INFO     | src.strategies.bollinger_bands | BB COMPRA em 2019-10-07 00:00:00: preço=19.77 < banda_inf=19.84
2026-08-16 22:28:04 | INFO     | src.strategies.bollinger_bands | BB COMPRA em 2019-11-19 00:00:00: preço=21.17 < banda_inf=21.19
2026-08-16 22:28:04 | INFO     | src.strategies.bollinger_bands | BB COMPRA em 2019-11-26 00:00:00: preço=20.79 < banda_inf=20.86
2026-08-16 22:28:04 | INFO     | src.strategies.bollinger_bands | BB VENDA em 2020-01-02 00:00:00: preço=22.96 > banda_sup=22.85
2026-08-16 22:28:04 | INFO     | src.strategies.bollinger_bands | BB COMPRA em 2020-02-26 00:00:00: preço=19.32 < banda_inf=19.43
2026-08-16 22:28:04 | INFO     | src.strategies.bollinger_bands | BB COMPRA em 2020-03-06 00:00:00: preço=18.60 < banda_inf=18.72
2026-08-16 22:28:04 | INFO     | src.strategies.bollinger_bands | BB COMPRA em 2020-03-11 00:00:00: preço=16.29 < banda_inf=17.03
2026-08-16 22:28:04 | INFO     | src.strategies.bollinger_bands | BB COMPRA em 2020-03-16 00:00:00: preço=14.82 < banda_inf=14.95
2026-08-16 22:28:04 | INFO     | src.strategies.bollinger_bands | BB VENDA em 2020-05-25 00:00:00: preço=14.94 > banda_sup=14.88
2026-08-16 22:28:04 | INFO     | src.strategies.bollinger_bands | BB VENDA em 2020-06-02 00:00:00: preço=15.75 > banda_sup=15.37
2026-08-16 22:28:04 | INFO     | src.strategies.bollinger_bands | BB VENDA em 2020-07-29 00:00:00: preço=17.66 > banda_sup=17.60
2026-08-16 22:28:04 | INFO     | src.strategies.bollinger_bands | BB COMPRA em 2020-08-04 00:00:00: preço=16.05 < banda_inf=16.24
2026-08-16 22:28:04 | INFO     | src.strategies.bollinger_bands | BB COMPRA em 2020-09-18 00:00:00: preço=14.47 < banda_inf=14.51
2026-08-16 22:28:04 | INFO     | src.strategies.bollinger_bands | BB COMPRA em 2020-09-23 00:00:00: preço=14.08 < banda_inf=14.14
2026-08-16 22:28:04 | INFO     | src.strategies.bollinger_bands | BB VENDA em 2020-10-22 00:00:00: preço=16.15 > banda_sup=15.71
2026-08-16 22:28:04 | INFO     | src.strategies.bollinger_bands | BB VENDA em 2020-11-09 00:00:00: preço=17.33 > banda_sup=16.80
2026-08-16 22:28:04 | INFO     | src.strategies.bollinger_bands | BB VENDA em 2020-12-10 00:00:00: preço=19.80 > banda_sup=19.62
2026-08-16 22:28:04 | INFO     | src.strategies.bollinger_bands | BB VENDA em 2021-01-07 00:00:00: preço=20.65 > banda_sup=20.55
2026-08-16 22:28:04 | INFO     | src.strategies.bollinger_bands | BB COMPRA em 2021-01-21 00:00:00: preço=18.82 < banda_inf=18.84
2026-08-16 22:28:04 | INFO     | src.strategies.bollinger_bands | BB COMPRA em 2021-02-22 00:00:00: preço=16.15 < banda_inf=16.66
2026-08-16 22:28:04 | INFO     | src.strategies.bollinger_bands | BB COMPRA em 2021-02-25 00:00:00: preço=16.40 < banda_inf=16.41
2026-08-16 22:28:04 | INFO     | src.strategies.bollinger_bands | BB COMPRA em 2021-03-01 00:00:00: preço=15.72 < banda_inf=15.93
2026-08-16 22:28:04 | INFO     | src.strategies.bollinger_bands | BB VENDA em 2021-05-13 00:00:00: preço=18.09 > banda_sup=18.09
2026-08-16 22:28:04 | INFO     | src.strategies.bollinger_bands | BB VENDA em 2021-06-01 00:00:00: preço=19.55 > banda_sup=19.50
2026-08-16 22:28:04 | INFO     | src.strategies.bollinger_bands | BB COMPRA em 2021-06-29 00:00:00: preço=19.27 < banda_inf=19.30
2026-08-16 22:28:04 | INFO     | src.strategies.bollinger_bands | BB VENDA em 2021-07-28 00:00:00: preço=19.69 > banda_sup=19.45
2026-08-16 22:28:04 | INFO     | src.strategies.bollinger_bands | BB COMPRA em 2021-09-08 00:00:00: preço=18.44 < banda_inf=18.75
2026-08-16 22:28:04 | INFO     | src.strategies.bollinger_bands | BB COMPRA em 2021-09-20 00:00:00: preço=17.46 < banda_inf=17.56
2026-08-16 22:28:04 | INFO     | src.strategies.bollinger_bands | BB COMPRA em 2021-10-04 00:00:00: preço=15.64 < banda_inf=16.69
2026-08-16 22:28:04 | INFO     | src.strategies.bollinger_bands | BB COMPRA em 2021-11-05 00:00:00: preço=14.71 < banda_inf=14.76
2026-08-16 22:28:04 | INFO     | src.strategies.bollinger_bands | BB COMPRA em 2021-12-13 00:00:00: preço=14.05 < banda_inf=14.08
2026-08-16 22:28:04 | INFO     | src.strategies.bollinger_bands | BB VENDA em 2022-01-07 00:00:00: preço=14.75 > banda_sup=14.67
2026-08-16 22:28:04 | INFO     | src.strategies.bollinger_bands | BB VENDA em 2022-01-31 00:00:00: preço=16.51 > banda_sup=16.45
2026-08-16 22:28:04 | INFO     | src.strategies.bollinger_bands | BB VENDA em 2022-02-11 00:00:00: preço=17.30 > banda_sup=17.29
2026-08-16 22:28:04 | INFO     | src.strategies.bollinger_bands | BB VENDA em 2022-03-21 00:00:00: preço=17.62 > banda_sup=17.48
2026-08-16 22:28:04 | INFO     | src.strategies.bollinger_bands | BB COMPRA em 2022-04-26 00:00:00: preço=16.14 < banda_inf=16.33
2026-08-16 22:28:04 | INFO     | src.strategies.bollinger_bands | BB VENDA em 2022-05-23 00:00:00: preço=16.86 > banda_sup=16.83
2026-08-16 22:28:04 | INFO     | src.strategies.bollinger_bands | BB COMPRA em 2022-06-10 00:00:00: preço=15.77 < banda_inf=15.91
2026-08-16 22:28:04 | INFO     | src.strategies.bollinger_bands | BB VENDA em 2022-08-04 00:00:00: preço=16.04 > banda_sup=16.02
2026-08-16 22:28:04 | INFO     | src.strategies.bollinger_bands | BB VENDA em 2022-09-19 00:00:00: preço=18.36 > banda_sup=18.17
2026-08-16 22:28:04 | INFO     | src.strategies.bollinger_bands | BB VENDA em 2022-10-03 00:00:00: preço=19.74 > banda_sup=19.45
2026-08-16 22:28:04 | INFO     | src.strategies.bollinger_bands | BB VENDA em 2022-10-21 00:00:00: preço=20.61 > banda_sup=20.48
2026-08-16 22:28:04 | INFO     | src.strategies.bollinger_bands | BB COMPRA em 2022-11-10 00:00:00: preço=18.34 < banda_inf=18.45
2026-08-16 22:28:04 | INFO     | src.strategies.bollinger_bands | BB COMPRA em 2022-12-08 00:00:00: preço=16.65 < banda_inf=16.67
2026-08-16 22:28:04 | INFO     | src.strategies.bollinger_bands | BB VENDA em 2023-01-11 00:00:00: preço=17.87 > banda_sup=17.78
2026-08-16 22:28:04 | INFO     | src.strategies.bollinger_bands | BB VENDA em 2023-04-11 00:00:00: preço=17.51 > banda_sup=17.38
2026-08-16 22:28:04 | INFO     | src.strategies.bollinger_bands | BB VENDA em 2023-05-10 00:00:00: preço=18.50 > banda_sup=18.39
2026-08-16 22:28:04 | INFO     | src.strategies.bollinger_bands | BB VENDA em 2023-06-09 00:00:00: preço=19.13 > banda_sup=19.07
2026-08-16 22:28:04 | INFO     | src.strategies.bollinger_bands | BB VENDA em 2023-06-14 00:00:00: preço=19.40 > banda_sup=19.34
2026-08-16 22:28:04 | INFO     | src.strategies.bollinger_bands | BB COMPRA em 2023-08-04 00:00:00: preço=19.39 < banda_inf=19.39
2026-08-16 22:28:04 | INFO     | src.strategies.bollinger_bands | BB VENDA em 2023-10-06 00:00:00: preço=19.62 > banda_sup=19.60
2026-08-16 22:28:04 | INFO     | src.strategies.bollinger_bands | BB VENDA em 2023-11-07 00:00:00: preço=20.39 > banda_sup=20.09
2026-08-16 22:28:04 | INFO     | src.strategies.bollinger_bands | BB VENDA em 2023-12-13 00:00:00: preço=23.14 > banda_sup=23.01
2026-08-16 22:28:04 | INFO     | src.strategies.bollinger_bands | BB COMPRA em 2024-01-22 00:00:00: preço=23.01 < banda_inf=23.07
2026-08-16 22:28:04 | INFO     | src.strategies.bollinger_bands | BB VENDA em 2024-02-06 00:00:00: preço=24.72 > banda_sup=24.21
2026-08-16 22:28:04 | INFO     | src.strategies.bollinger_bands | BB COMPRA em 2024-04-04 00:00:00: preço=24.25 < banda_inf=24.39
2026-08-16 22:28:04 | INFO     | src.strategies.bollinger_bands | BB COMPRA em 2024-04-15 00:00:00: preço=23.60 < banda_inf=23.63
2026-08-16 22:28:04 | INFO     | src.strategies.bollinger_bands | BB VENDA em 2024-05-08 00:00:00: preço=24.63 > banda_sup=24.56
2026-08-16 22:28:04 | INFO     | src.strategies.bollinger_bands | BB COMPRA em 2024-05-31 00:00:00: preço=22.96 < banda_inf=22.99
2026-08-16 22:28:04 | INFO     | src.strategies.bollinger_bands | BB VENDA em 2024-06-24 00:00:00: preço=24.14 > banda_sup=24.01
2026-08-16 22:28:04 | INFO     | src.strategies.bollinger_bands | BB VENDA em 2024-08-13 00:00:00: preço=26.59 > banda_sup=26.32
2026-08-16 22:28:04 | INFO     | src.strategies.bollinger_bands | BB COMPRA em 2024-09-20 00:00:00: preço=27.06 < banda_inf=27.07
2026-08-16 22:28:04 | INFO     | src.strategies.bollinger_bands | BB COMPRA em 2024-10-03 00:00:00: preço=26.25 < banda_inf=26.46
2026-08-16 22:28:04 | INFO     | src.strategies.bollinger_bands | BB VENDA em 2024-11-05 00:00:00: preço=27.40 > banda_sup=27.13
2026-08-16 22:28:04 | INFO     | src.strategies.bollinger_bands | BB COMPRA em 2024-11-28 00:00:00: preço=24.64 < banda_inf=24.95
2026-08-16 22:28:04 | INFO     | src.strategies.bollinger_bands | BB VENDA em 2025-01-20 00:00:00: preço=24.88 > banda_sup=24.82
2026-08-16 22:28:04 | INFO     | src.strategies.bollinger_bands | BB VENDA em 2025-03-14 00:00:00: preço=27.42 > banda_sup=26.99
2026-08-16 22:28:04 | INFO     | src.strategies.bollinger_bands | BB VENDA em 2025-04-22 00:00:00: preço=29.37 > banda_sup=29.20
2026-08-16 22:28:04 | INFO     | src.strategies.bollinger_bands | BB VENDA em 2025-05-09 00:00:00: preço=32.76 > banda_sup=32.69
2026-08-16 22:28:04 | INFO     | src.strategies.bollinger_bands | BB VENDA em 2025-07-03 00:00:00: preço=33.52 > banda_sup=33.34
2026-08-16 22:28:04 | INFO     | src.strategies.bollinger_bands | BB COMPRA em 2025-07-10 00:00:00: preço=31.33 < banda_inf=31.67
2026-08-16 22:28:04 | INFO     | src.strategies.bollinger_bands | BB VENDA em 2025-08-06 00:00:00: preço=32.14 > banda_sup=31.95
2026-08-16 22:28:04 | INFO     | src.strategies.bollinger_bands | BB COMPRA em 2025-10-07 00:00:00: preço=33.41 < banda_inf=33.44
2026-08-16 22:28:04 | INFO     | src.strategies.bollinger_bands | BB VENDA em 2025-10-29 00:00:00: preço=35.36 > banda_sup=34.99
2026-08-16 22:28:04 | INFO     | src.strategies.bollinger_bands | BB VENDA em 2025-11-28 00:00:00: preço=37.44 > banda_sup=37.16
2026-08-16 22:28:04 | INFO     | src.strategies.bollinger_bands | BB VENDA em 2025-12-02 00:00:00: preço=37.98 > banda_sup=37.60
2026-08-16 22:28:04 | INFO     | src.strategies.bollinger_bands | BB VENDA em 2026-01-21 00:00:00: preço=40.84 > banda_sup=40.07
2026-08-16 22:28:04 | INFO     | src.strategies.bollinger_bands | BB COMPRA em 2026-03-05 00:00:00: preço=42.68 < banda_inf=42.84
2026-08-16 22:28:04 | INFO     | src.strategies.bollinger_bands | BB VENDA em 2026-04-08 00:00:00: preço=44.50 > banda_sup=44.07
2026-08-16 22:28:04 | INFO     | src.strategies.bollinger_bands | BB COMPRA em 2026-05-07 00:00:00: preço=40.37 < banda_inf=40.42
2026-08-16 22:28:04 | INFO     | src.strategies.bollinger_bands | BB VENDA em 2026-06-26 00:00:00: preço=42.20 > banda_sup=42.11
2026-08-16 22:28:04 | INFO     | src.strategies.bollinger_bands | BB VENDA em 2026-07-10 00:00:00: preço=44.28 > banda_sup=44.01
2026-08-16 22:28:04 | INFO     | src.backtesting.engine | Backtest iniciado: capital=100000.00, 2639 dias, estrategia=Bollinger Bands (20,2.0)
2026-08-16 22:28:04 | INFO     | src.backtesting.engine | Backtest concluído: 100000.00 → 148797.58 (48.80%) | 58 trades | custos=CostModel
2026-08-16 22:28:04 | INFO     | src.strategies.buy_and_hold | BuyAndHold: entrada em 2016-01-04 00:00:00 a R$ 4.96
2026-08-16 22:28:04 | INFO     | src.backtesting.engine | Backtest iniciado: capital=100000.00, 2639 dias, estrategia=Buy and Hold
2026-08-16 22:28:04 | INFO     | src.backtesting.engine | Backtest concluído: 100000.00 → 363998.52 (264.00%) | 1 trades | custos=CostModel
2026-08-16 22:28:04 | INFO     | src.strategies.sma_cross | DEATH CROSS em 2017-07-19 00:00:00: fast=9.36 slow=9.37
2026-08-16 22:28:04 | INFO     | src.strategies.sma_cross | GOLDEN CROSS em 2017-08-04 00:00:00: fast=9.45 slow=9.44
2026-08-16 22:28:04 | INFO     | src.strategies.sma_cross | DEATH CROSS em 2018-06-14 00:00:00: fast=12.19 slow=12.24
2026-08-16 22:28:04 | INFO     | src.strategies.sma_cross | GOLDEN CROSS em 2018-11-16 00:00:00: fast=12.10 slow=12.09
2026-08-16 22:28:04 | INFO     | src.strategies.sma_cross | DEATH CROSS em 2019-09-13 00:00:00: fast=16.46 slow=16.47
2026-08-16 22:28:04 | INFO     | src.strategies.sma_cross | GOLDEN CROSS em 2019-12-17 00:00:00: fast=16.62 slow=16.61
2026-08-16 22:28:04 | INFO     | src.strategies.sma_cross | DEATH CROSS em 2020-03-09 00:00:00: fast=16.55 slow=16.62
2026-08-16 22:28:04 | INFO     | src.strategies.sma_cross | GOLDEN CROSS em 2020-11-26 00:00:00: fast=11.87 slow=11.87
2026-08-16 22:28:04 | INFO     | src.strategies.sma_cross | DEATH CROSS em 2021-09-14 00:00:00: fast=14.86 slow=14.89
2026-08-16 22:28:04 | INFO     | src.strategies.sma_cross | GOLDEN CROSS em 2022-05-13 00:00:00: fast=13.53 slow=13.51
2026-08-16 22:28:04 | INFO     | src.strategies.sma_cross | DEATH CROSS em 2022-07-18 00:00:00: fast=13.30 slow=13.30
2026-08-16 22:28:04 | INFO     | src.strategies.sma_cross | GOLDEN CROSS em 2022-09-22 00:00:00: fast=13.45 slow=13.43
2026-08-16 22:28:04 | INFO     | src.strategies.sma_cross | DEATH CROSS em 2022-11-29 00:00:00: fast=13.43 slow=13.43
2026-08-16 22:28:04 | INFO     | src.strategies.sma_cross | GOLDEN CROSS em 2023-06-23 00:00:00: fast=11.64 slow=11.62
2026-08-16 22:28:04 | INFO     | src.strategies.sma_cross | DEATH CROSS em 2023-10-25 00:00:00: fast=11.26 slow=11.26
2026-08-16 22:28:04 | INFO     | src.strategies.sma_cross | GOLDEN CROSS em 2023-12-04 00:00:00: fast=11.42 slow=11.41
2026-08-16 22:28:04 | INFO     | src.strategies.sma_cross | DEATH CROSS em 2024-03-12 00:00:00: fast=12.02 slow=12.02
2026-08-16 22:28:04 | INFO     | src.strategies.sma_cross | GOLDEN CROSS em 2024-09-09 00:00:00: fast=11.67 slow=11.63
2026-08-16 22:28:04 | INFO     | src.strategies.sma_cross | DEATH CROSS em 2024-12-27 00:00:00: fast=11.45 slow=11.47
2026-08-16 22:28:04 | INFO     | src.strategies.sma_cross | GOLDEN CROSS em 2025-05-16 00:00:00: fast=11.55 slow=11.53
2026-08-16 22:28:04 | INFO     | src.strategies.sma_cross | DEATH CROSS em 2026-06-26 00:00:00: fast=17.95 slow=17.98
2026-08-16 22:28:04 | INFO     | src.backtesting.engine | Backtest iniciado: capital=100000.00, 2639 dias, estrategia=SMA Cross (50/200)
2026-08-16 22:28:04 | INFO     | src.backtesting.engine | Backtest concluído: 100000.00 → 38973.66 (-61.03%) | 20 trades | custos=CostModel
2026-08-16 22:28:04 | INFO     | src.strategies.bollinger_bands | BB VENDA em 2016-02-04 00:00:00: preço=5.16 > banda_sup=5.00
2026-08-16 22:28:04 | INFO     | src.strategies.bollinger_bands | BB VENDA em 2016-03-01 00:00:00: preço=5.74 > banda_sup=5.73
2026-08-16 22:28:04 | INFO     | src.strategies.bollinger_bands | BB VENDA em 2016-04-13 00:00:00: preço=8.41 > banda_sup=7.96
2026-08-16 22:28:04 | INFO     | src.strategies.bollinger_bands | BB VENDA em 2016-05-12 00:00:00: preço=7.92 > banda_sup=7.86
2026-08-16 22:28:04 | INFO     | src.strategies.bollinger_bands | BB COMPRA em 2016-05-31 00:00:00: preço=6.57 < banda_inf=6.62
2026-08-16 22:28:04 | INFO     | src.strategies.bollinger_bands | BB VENDA em 2016-06-23 00:00:00: preço=7.41 > banda_sup=7.37
2026-08-16 22:28:04 | INFO     | src.strategies.bollinger_bands | BB VENDA em 2016-07-08 00:00:00: preço=7.71 > banda_sup=7.70
2026-08-16 22:28:04 | INFO     | src.strategies.bollinger_bands | BB VENDA em 2016-07-14 00:00:00: preço=8.24 > banda_sup=8.08
2026-08-16 22:28:04 | INFO     | src.strategies.bollinger_bands | BB VENDA em 2016-09-08 00:00:00: preço=8.86 > banda_sup=8.84
2026-08-16 22:28:04 | INFO     | src.strategies.bollinger_bands | BB COMPRA em 2016-09-13 00:00:00: preço=8.05 < banda_inf=8.06
2026-08-16 22:28:04 | INFO     | src.strategies.bollinger_bands | BB VENDA em 2016-10-18 00:00:00: preço=9.66 > banda_sup=9.62
2026-08-16 22:28:04 | INFO     | src.strategies.bollinger_bands | BB COMPRA em 2016-11-10 00:00:00: preço=8.65 < banda_inf=8.97
2026-08-16 22:28:04 | INFO     | src.strategies.bollinger_bands | BB COMPRA em 2016-12-12 00:00:00: preço=8.26 < banda_inf=8.30
2026-08-16 22:28:04 | INFO     | src.strategies.bollinger_bands | BB VENDA em 2017-01-03 00:00:00: preço=9.05 > banda_sup=8.94
2026-08-16 22:28:04 | INFO     | src.strategies.bollinger_bands | BB VENDA em 2017-02-21 00:00:00: preço=10.25 > banda_sup=10.20
2026-08-16 22:28:04 | INFO     | src.strategies.bollinger_bands | BB COMPRA em 2017-03-21 00:00:00: preço=9.40 < banda_inf=9.40
2026-08-16 22:28:04 | INFO     | src.strategies.bollinger_bands | BB COMPRA em 2017-04-13 00:00:00: preço=9.31 < banda_inf=9.31
2026-08-16 22:28:04 | INFO     | src.strategies.bollinger_bands | BB VENDA em 2017-04-27 00:00:00: preço=10.12 > banda_sup=10.06
2026-08-16 22:28:04 | INFO     | src.strategies.bollinger_bands | BB VENDA em 2017-05-02 00:00:00: preço=10.36 > banda_sup=10.22
2026-08-16 22:28:04 | INFO     | src.strategies.bollinger_bands | BB COMPRA em 2017-05-18 00:00:00: preço=9.08 < banda_inf=9.22
2026-08-16 22:28:04 | INFO     | src.strategies.bollinger_bands | BB COMPRA em 2017-05-22 00:00:00: preço=8.96 < banda_inf=9.04
2026-08-16 22:28:04 | INFO     | src.strategies.bollinger_bands | BB VENDA em 2017-06-30 00:00:00: preço=9.37 > banda_sup=9.37
2026-08-16 22:28:04 | INFO     | src.strategies.bollinger_bands | BB VENDA em 2017-07-12 00:00:00: preço=9.86 > banda_sup=9.80
2026-08-16 22:28:04 | INFO     | src.strategies.bollinger_bands | BB VENDA em 2017-08-07 00:00:00: preço=10.51 > banda_sup=10.50
2026-08-16 22:28:04 | INFO     | src.strategies.bollinger_bands | BB VENDA em 2017-09-11 00:00:00: preço=11.85 > banda_sup=11.81
2026-08-16 22:28:04 | INFO     | src.strategies.bollinger_bands | BB VENDA em 2017-09-15 00:00:00: preço=12.04 > banda_sup=12.02
2026-08-16 22:28:04 | INFO     | src.strategies.bollinger_bands | BB COMPRA em 2017-10-30 00:00:00: preço=11.80 < banda_inf=11.86
2026-08-16 22:28:04 | INFO     | src.strategies.bollinger_bands | BB COMPRA em 2017-11-07 00:00:00: preço=11.00 < banda_inf=11.06
2026-08-16 22:28:04 | INFO     | src.strategies.bollinger_bands | BB VENDA em 2017-12-21 00:00:00: preço=11.42 > banda_sup=11.35
2026-08-16 22:28:04 | INFO     | src.strategies.bollinger_bands | BB VENDA em 2017-12-28 00:00:00: preço=11.66 > banda_sup=11.63
2026-08-16 22:28:04 | INFO     | src.strategies.bollinger_bands | BB VENDA em 2018-01-02 00:00:00: preço=11.92 > banda_sup=11.82
2026-08-16 22:28:04 | INFO     | src.strategies.bollinger_bands | BB VENDA em 2018-01-24 00:00:00: preço=13.72 > banda_sup=13.40
2026-08-16 22:28:04 | INFO     | src.strategies.bollinger_bands | BB COMPRA em 2018-04-16 00:00:00: preço=12.63 < banda_inf=12.73
2026-08-16 22:28:04 | INFO     | src.strategies.bollinger_bands | BB COMPRA em 2018-05-03 00:00:00: preço=12.53 < banda_inf=12.54
2026-08-16 22:28:04 | INFO     | src.strategies.bollinger_bands | BB COMPRA em 2018-05-17 00:00:00: preço=11.91 < banda_inf=11.91
2026-08-16 22:28:04 | INFO     | src.strategies.bollinger_bands | BB COMPRA em 2018-05-28 00:00:00: preço=11.11 < banda_inf=11.30
2026-08-16 22:28:04 | INFO     | src.strategies.bollinger_bands | BB COMPRA em 2018-06-14 00:00:00: preço=9.62 < banda_inf=9.64
2026-08-16 22:28:04 | INFO     | src.strategies.bollinger_bands | BB VENDA em 2018-07-17 00:00:00: preço=11.43 > banda_sup=11.39
2026-08-16 22:28:04 | INFO     | src.strategies.bollinger_bands | BB COMPRA em 2018-08-10 00:00:00: preço=10.97 < banda_inf=10.99
2026-08-16 22:28:04 | INFO     | src.strategies.bollinger_bands | BB VENDA em 2018-10-02 00:00:00: preço=11.44 > banda_sup=11.33
2026-08-16 22:28:04 | INFO     | src.strategies.bollinger_bands | BB VENDA em 2018-10-08 00:00:00: preço=12.61 > banda_sup=12.24
2026-08-16 22:28:04 | INFO     | src.strategies.bollinger_bands | BB VENDA em 2018-11-01 00:00:00: preço=13.82 > banda_sup=13.55
2026-08-16 22:28:04 | INFO     | src.strategies.bollinger_bands | BB VENDA em 2018-11-29 00:00:00: preço=14.85 > banda_sup=14.78
2026-08-16 22:28:04 | INFO     | src.strategies.bollinger_bands | BB VENDA em 2018-12-28 00:00:00: preço=15.04 > banda_sup=14.94
2026-08-16 22:28:04 | INFO     | src.strategies.bollinger_bands | BB VENDA em 2019-01-31 00:00:00: preço=17.62 > banda_sup=17.27
2026-08-16 22:28:04 | INFO     | src.strategies.bollinger_bands | BB VENDA em 2019-02-04 00:00:00: preço=17.79 > banda_sup=17.61
2026-08-16 22:28:04 | INFO     | src.strategies.bollinger_bands | BB COMPRA em 2019-02-28 00:00:00: preço=16.85 < banda_inf=16.86
2026-08-16 22:28:04 | INFO     | src.strategies.bollinger_bands | BB COMPRA em 2019-03-22 00:00:00: preço=16.08 < banda_inf=16.14
2026-08-16 22:28:04 | INFO     | src.strategies.bollinger_bands | BB COMPRA em 2019-05-13 00:00:00: preço=15.78 < banda_inf=15.86
2026-08-16 22:28:04 | INFO     | src.strategies.bollinger_bands | BB VENDA em 2019-05-30 00:00:00: preço=17.36 > banda_sup=17.29
2026-08-16 22:28:04 | INFO     | src.strategies.bollinger_bands | BB VENDA em 2019-07-04 00:00:00: preço=18.40 > banda_sup=18.30
2026-08-16 22:28:04 | INFO     | src.strategies.bollinger_bands | BB COMPRA em 2019-07-25 00:00:00: preço=17.28 < banda_inf=17.32
2026-08-16 22:28:04 | INFO     | src.strategies.bollinger_bands | BB VENDA em 2019-09-06 00:00:00: preço=16.31 > banda_sup=16.20
2026-08-16 22:28:04 | INFO     | src.strategies.bollinger_bands | BB COMPRA em 2019-10-02 00:00:00: preço=15.17 < banda_inf=15.38
2026-08-16 22:28:04 | INFO     | src.strategies.bollinger_bands | BB VENDA em 2019-10-16 00:00:00: preço=16.79 > banda_sup=16.78
2026-08-16 22:28:04 | INFO     | src.strategies.bollinger_bands | BB VENDA em 2019-10-28 00:00:00: preço=18.00 > banda_sup=17.90
2026-08-16 22:28:04 | INFO     | src.strategies.bollinger_bands | BB VENDA em 2019-12-18 00:00:00: preço=17.42 > banda_sup=17.31
2026-08-16 22:28:04 | INFO     | src.strategies.bollinger_bands | BB VENDA em 2020-01-02 00:00:00: preço=18.54 > banda_sup=18.41
2026-08-16 22:28:04 | INFO     | src.strategies.bollinger_bands | BB COMPRA em 2020-02-17 00:00:00: preço=15.96 < banda_inf=15.99
2026-08-16 22:28:04 | INFO     | src.strategies.bollinger_bands | BB COMPRA em 2020-02-26 00:00:00: preço=14.92 < banda_inf=15.36
2026-08-16 22:28:04 | INFO     | src.strategies.bollinger_bands | BB COMPRA em 2020-03-09 00:00:00: preço=13.17 < banda_inf=13.61
2026-08-16 22:28:04 | INFO     | src.strategies.bollinger_bands | BB COMPRA em 2020-03-11 00:00:00: preço=12.40 < banda_inf=12.80
2026-08-16 22:28:04 | INFO     | src.strategies.bollinger_bands | BB COMPRA em 2020-03-16 00:00:00: preço=10.75 < banda_inf=11.03
2026-08-16 22:28:04 | INFO     | src.strategies.bollinger_bands | BB COMPRA em 2020-05-07 00:00:00: preço=9.38 < banda_inf=9.40
2026-08-16 22:28:04 | INFO     | src.strategies.bollinger_bands | BB VENDA em 2020-06-02 00:00:00: preço=11.31 > banda_sup=11.25
2026-08-16 22:28:04 | INFO     | src.strategies.bollinger_bands | BB VENDA em 2020-07-29 00:00:00: preço=13.29 > banda_sup=13.16
2026-08-16 22:28:04 | INFO     | src.strategies.bollinger_bands | BB COMPRA em 2020-09-21 00:00:00: preço=10.85 < banda_inf=10.86
2026-08-16 22:28:04 | INFO     | src.strategies.bollinger_bands | BB VENDA em 2020-10-20 00:00:00: preço=11.81 > banda_sup=11.74
2026-08-16 22:28:04 | INFO     | src.strategies.bollinger_bands | BB VENDA em 2020-11-10 00:00:00: preço=13.43 > banda_sup=13.04
2026-08-16 22:28:04 | INFO     | src.strategies.bollinger_bands | BB VENDA em 2020-11-16 00:00:00: preço=13.89 > banda_sup=13.88
2026-08-16 22:28:04 | INFO     | src.strategies.bollinger_bands | BB VENDA em 2020-12-10 00:00:00: preço=14.74 > banda_sup=14.73
2026-08-16 22:28:04 | INFO     | src.strategies.bollinger_bands | BB COMPRA em 2021-01-21 00:00:00: preço=14.24 < banda_inf=14.31
2026-08-16 22:28:04 | INFO     | src.strategies.bollinger_bands | BB COMPRA em 2021-02-22 00:00:00: preço=12.92 < banda_inf=13.35
2026-08-16 22:28:04 | INFO     | src.strategies.bollinger_bands | BB COMPRA em 2021-02-26 00:00:00: preço=12.87 < banda_inf=12.95
2026-08-16 22:28:04 | INFO     | src.strategies.bollinger_bands | BB VENDA em 2021-04-28 00:00:00: preço=15.16 > banda_sup=15.15
2026-08-16 22:28:04 | INFO     | src.strategies.bollinger_bands | BB VENDA em 2021-05-03 00:00:00: preço=15.15 > banda_sup=15.06
2026-08-16 22:28:04 | INFO     | src.strategies.bollinger_bands | BB VENDA em 2021-05-10 00:00:00: preço=15.21 > banda_sup=15.20
2026-08-16 22:28:04 | INFO     | src.strategies.bollinger_bands | BB VENDA em 2021-05-18 00:00:00: preço=15.68 > banda_sup=15.68
2026-08-16 22:28:04 | INFO     | src.strategies.bollinger_bands | BB VENDA em 2021-05-20 00:00:00: preço=15.93 > banda_sup=15.92
2026-08-16 22:28:04 | INFO     | src.strategies.bollinger_bands | BB VENDA em 2021-06-02 00:00:00: preço=17.37 > banda_sup=17.13
2026-08-16 22:28:04 | INFO     | src.strategies.bollinger_bands | BB COMPRA em 2021-06-28 00:00:00: preço=16.22 < banda_inf=16.22
2026-08-16 22:28:04 | INFO     | src.strategies.bollinger_bands | BB COMPRA em 2021-08-04 00:00:00: preço=14.87 < banda_inf=14.90
2026-08-16 22:28:04 | INFO     | src.strategies.bollinger_bands | BB COMPRA em 2021-09-02 00:00:00: preço=14.08 < banda_inf=14.15
2026-08-16 22:28:04 | INFO     | src.strategies.bollinger_bands | BB COMPRA em 2021-09-08 00:00:00: preço=13.34 < banda_inf=13.75
2026-08-16 22:28:04 | INFO     | src.strategies.bollinger_bands | BB COMPRA em 2021-09-20 00:00:00: preço=12.18 < banda_inf=12.34
2026-08-16 22:28:04 | INFO     | src.strategies.bollinger_bands | BB COMPRA em 2021-11-04 00:00:00: preço=12.06 < banda_inf=12.31
2026-08-16 22:28:04 | INFO     | src.strategies.bollinger_bands | BB VENDA em 2022-01-14 00:00:00: preço=13.41 > banda_sup=13.37
2026-08-16 22:28:04 | INFO     | src.strategies.bollinger_bands | BB VENDA em 2022-01-25 00:00:00: preço=14.23 > banda_sup=14.14
2026-08-16 22:28:04 | INFO     | src.strategies.bollinger_bands | BB COMPRA em 2022-04-26 00:00:00: preço=12.95 < banda_inf=13.16
2026-08-16 22:28:04 | INFO     | src.strategies.bollinger_bands | BB COMPRA em 2022-06-13 00:00:00: preço=13.37 < banda_inf=13.43
2026-08-16 22:28:04 | INFO     | src.strategies.bollinger_bands | BB VENDA em 2022-08-03 00:00:00: preço=12.90 > banda_sup=12.89
2026-08-16 22:28:04 | INFO     | src.strategies.bollinger_bands | BB VENDA em 2022-08-09 00:00:00: preço=13.54 > banda_sup=13.53
2026-08-16 22:28:04 | INFO     | src.strategies.bollinger_bands | BB VENDA em 2022-09-20 00:00:00: preço=14.51 > banda_sup=14.30
2026-08-16 22:28:04 | INFO     | src.strategies.bollinger_bands | BB VENDA em 2022-10-03 00:00:00: preço=15.26 > banda_sup=14.92
2026-08-16 22:28:04 | INFO     | src.strategies.bollinger_bands | BB COMPRA em 2022-10-26 00:00:00: preço=13.59 < banda_inf=13.61
2026-08-16 22:28:04 | INFO     | src.strategies.bollinger_bands | BB COMPRA em 2022-11-07 00:00:00: preço=13.52 < banda_inf=13.55
2026-08-16 22:28:04 | INFO     | src.strategies.bollinger_bands | BB COMPRA em 2022-12-08 00:00:00: preço=10.50 < banda_inf=10.60
2026-08-16 22:28:04 | INFO     | src.strategies.bollinger_bands | BB VENDA em 2023-01-11 00:00:00: preço=11.58 > banda_sup=11.52
2026-08-16 22:28:04 | INFO     | src.strategies.bollinger_bands | BB COMPRA em 2023-02-10 00:00:00: preço=9.54 < banda_inf=9.77
2026-08-16 22:28:04 | INFO     | src.strategies.bollinger_bands | BB VENDA em 2023-04-11 00:00:00: preço=10.47 > banda_sup=10.44
2026-08-16 22:28:04 | INFO     | src.strategies.bollinger_bands | BB VENDA em 2023-05-05 00:00:00: preço=11.17 > banda_sup=10.89
2026-08-16 22:28:04 | INFO     | src.strategies.bollinger_bands | BB VENDA em 2023-06-06 00:00:00: preço=12.56 > banda_sup=12.49
2026-08-16 22:28:04 | INFO     | src.strategies.bollinger_bands | BB VENDA em 2023-06-09 00:00:00: preço=12.76 > banda_sup=12.67
2026-08-16 22:28:04 | INFO     | src.strategies.bollinger_bands | BB VENDA em 2023-07-21 00:00:00: preço=13.08 > banda_sup=12.95
2026-08-16 22:28:04 | INFO     | src.strategies.bollinger_bands | BB COMPRA em 2023-08-04 00:00:00: preço=11.86 < banda_inf=12.17
2026-08-16 22:28:04 | INFO     | src.strategies.bollinger_bands | BB COMPRA em 2023-09-05 00:00:00: preço=11.21 < banda_inf=11.29
2026-08-16 22:28:04 | INFO     | src.strategies.bollinger_bands | BB VENDA em 2023-11-07 00:00:00: preço=11.68 > banda_sup=11.55
2026-08-16 22:28:04 | INFO     | src.strategies.bollinger_bands | BB VENDA em 2023-11-16 00:00:00: preço=12.00 > banda_sup=11.99
2026-08-16 22:28:04 | INFO     | src.strategies.bollinger_bands | BB VENDA em 2023-12-13 00:00:00: preço=13.09 > banda_sup=13.02
2026-08-16 22:28:04 | INFO     | src.strategies.bollinger_bands | BB COMPRA em 2024-01-12 00:00:00: preço=12.72 < banda_inf=12.78
2026-08-16 22:28:04 | INFO     | src.strategies.bollinger_bands | BB VENDA em 2024-02-06 00:00:00: preço=13.38 > banda_sup=13.10
2026-08-16 22:28:04 | INFO     | src.strategies.bollinger_bands | BB COMPRA em 2024-02-07 00:00:00: preço=11.25 < banda_inf=11.71
2026-08-16 22:28:04 | INFO     | src.strategies.bollinger_bands | BB VENDA em 2024-03-13 00:00:00: preço=11.49 > banda_sup=11.47
2026-08-16 22:28:04 | INFO     | src.strategies.bollinger_bands | BB VENDA em 2024-04-04 00:00:00: preço=11.76 > banda_sup=11.76
2026-08-16 22:28:04 | INFO     | src.strategies.bollinger_bands | BB VENDA em 2024-04-09 00:00:00: preço=11.88 > banda_sup=11.87
2026-08-16 22:28:04 | INFO     | src.strategies.bollinger_bands | BB COMPRA em 2024-05-10 00:00:00: preço=10.82 < banda_inf=10.82
2026-08-16 22:28:04 | INFO     | src.strategies.bollinger_bands | BB COMPRA em 2024-05-23 00:00:00: preço=10.42 < banda_inf=10.47
2026-08-16 22:28:04 | INFO     | src.strategies.bollinger_bands | BB VENDA em 2024-07-10 00:00:00: preço=10.60 > banda_sup=10.54
2026-08-16 22:28:04 | INFO     | src.strategies.bollinger_bands | BB VENDA em 2024-07-17 00:00:00: preço=10.71 > banda_sup=10.70
2026-08-16 22:28:04 | INFO     | src.strategies.bollinger_bands | BB VENDA em 2024-08-05 00:00:00: preço=11.41 > banda_sup=11.00
2026-08-16 22:28:04 | INFO     | src.strategies.bollinger_bands | BB COMPRA em 2024-09-18 00:00:00: preço=12.79 < banda_inf=12.80
2026-08-16 22:28:04 | INFO     | src.strategies.bollinger_bands | BB COMPRA em 2024-10-31 00:00:00: preço=12.24 < banda_inf=12.47
2026-08-16 22:28:04 | INFO     | src.strategies.bollinger_bands | BB COMPRA em 2024-11-28 00:00:00: preço=10.88 < banda_inf=10.95
2026-08-16 22:28:04 | INFO     | src.strategies.bollinger_bands | BB VENDA em 2025-01-15 00:00:00: preço=10.39 > banda_sup=10.35
2026-08-16 22:28:04 | INFO     | src.strategies.bollinger_bands | BB VENDA em 2025-01-30 00:00:00: preço=10.66 > banda_sup=10.51
2026-08-16 22:28:04 | INFO     | src.strategies.bollinger_bands | BB VENDA em 2025-02-05 00:00:00: preço=10.82 > banda_sup=10.81
2026-08-16 22:28:04 | INFO     | src.strategies.bollinger_bands | BB COMPRA em 2025-02-28 00:00:00: preço=9.88 < banda_inf=9.95
2026-08-16 22:28:04 | INFO     | src.strategies.bollinger_bands | BB VENDA em 2025-04-23 00:00:00: preço=11.81 > banda_sup=11.74
2026-08-16 22:28:04 | INFO     | src.strategies.bollinger_bands | BB VENDA em 2025-04-30 00:00:00: preço=12.33 > banda_sup=12.31
2026-08-16 22:28:04 | INFO     | src.strategies.bollinger_bands | BB VENDA em 2025-05-08 00:00:00: preço=13.56 > banda_sup=12.92
2026-08-16 22:28:04 | INFO     | src.strategies.bollinger_bands | BB VENDA em 2025-06-17 00:00:00: preço=15.21 > banda_sup=15.21
2026-08-16 22:28:04 | INFO     | src.strategies.bollinger_bands | BB COMPRA em 2025-07-18 00:00:00: preço=14.38 < banda_inf=14.44
2026-08-16 22:28:04 | INFO     | src.strategies.bollinger_bands | BB VENDA em 2025-08-12 00:00:00: preço=14.95 > banda_sup=14.86
2026-08-16 22:28:04 | INFO     | src.strategies.bollinger_bands | BB VENDA em 2025-08-18 00:00:00: preço=15.02 > banda_sup=15.00
2026-08-16 22:28:04 | INFO     | src.strategies.bollinger_bands | BB VENDA em 2025-08-28 00:00:00: preço=15.43 > banda_sup=15.33
2026-08-16 22:28:04 | INFO     | src.strategies.bollinger_bands | BB VENDA em 2025-09-05 00:00:00: preço=15.86 > banda_sup=15.76
2026-08-16 22:28:04 | INFO     | src.strategies.bollinger_bands | BB VENDA em 2025-09-17 00:00:00: preço=16.17 > banda_sup=16.16
2026-08-16 22:28:04 | INFO     | src.strategies.bollinger_bands | BB VENDA em 2025-09-19 00:00:00: preço=16.29 > banda_sup=16.27
2026-08-16 22:28:04 | INFO     | src.strategies.bollinger_bands | BB VENDA em 2025-10-20 00:00:00: preço=16.87 > banda_sup=16.79
2026-08-16 22:28:04 | INFO     | src.strategies.bollinger_bands | BB VENDA em 2025-10-29 00:00:00: preço=17.63 > banda_sup=17.49
2026-08-16 22:28:04 | INFO     | src.strategies.bollinger_bands | BB VENDA em 2025-11-11 00:00:00: preço=18.27 > banda_sup=18.14
2026-08-16 22:28:04 | INFO     | src.strategies.bollinger_bands | BB COMPRA em 2025-12-05 00:00:00: preço=17.00 < banda_inf=17.27
2026-08-16 22:28:04 | INFO     | src.strategies.bollinger_bands | BB VENDA em 2026-01-05 00:00:00: preço=18.20 > banda_sup=18.07
2026-08-16 22:28:04 | INFO     | src.strategies.bollinger_bands | BB VENDA em 2026-01-21 00:00:00: preço=18.96 > banda_sup=18.76
2026-08-16 22:28:04 | INFO     | src.strategies.bollinger_bands | BB COMPRA em 2026-03-03 00:00:00: preço=19.41 < banda_inf=19.61
2026-08-16 22:28:04 | INFO     | src.strategies.bollinger_bands | BB COMPRA em 2026-03-05 00:00:00: preço=19.06 < banda_inf=19.32
2026-08-16 22:28:04 | INFO     | src.strategies.bollinger_bands | BB VENDA em 2026-04-08 00:00:00: preço=19.71 > banda_sup=19.35
2026-08-16 22:28:04 | INFO     | src.strategies.bollinger_bands | BB COMPRA em 2026-06-08 00:00:00: preço=16.84 < banda_inf=16.86
2026-08-16 22:28:04 | INFO     | src.strategies.bollinger_bands | BB VENDA em 2026-06-29 00:00:00: preço=17.79 > banda_sup=17.68
2026-08-16 22:28:04 | INFO     | src.strategies.bollinger_bands | BB VENDA em 2026-07-10 00:00:00: preço=18.84 > banda_sup=18.42
2026-08-16 22:28:04 | INFO     | src.backtesting.engine | Backtest iniciado: capital=100000.00, 2639 dias, estrategia=Bollinger Bands (20,2.0)
2026-08-16 22:28:05 | INFO     | src.backtesting.engine | Backtest concluído: 100000.00 → 117215.60 (17.22%) | 56 trades | custos=CostModel
2026-08-16 22:28:05 | INFO     | src.strategies.buy_and_hold | BuyAndHold: entrada em 2016-01-04 00:00:00 a R$ 3.76
2026-08-16 22:28:05 | INFO     | src.backtesting.engine | Backtest iniciado: capital=100000.00, 2639 dias, estrategia=Buy and Hold
2026-08-16 22:28:05 | INFO     | src.backtesting.engine | Backtest concluído: 100000.00 → 559530.35 (459.53%) | 1 trades | custos=CostModel
2026-08-16 22:28:05 | INFO     | src.strategies.sma_cross | DEATH CROSS em 2017-07-10 00:00:00: fast=8.05 slow=8.07
2026-08-16 22:28:05 | INFO     | src.strategies.sma_cross | GOLDEN CROSS em 2017-09-06 00:00:00: fast=8.38 slow=8.37
2026-08-16 22:28:05 | INFO     | src.strategies.sma_cross | DEATH CROSS em 2018-06-08 00:00:00: fast=10.11 slow=10.13
2026-08-16 22:28:05 | INFO     | src.strategies.sma_cross | GOLDEN CROSS em 2018-11-08 00:00:00: fast=10.14 slow=10.10
2026-08-16 22:28:05 | INFO     | src.strategies.sma_cross | DEATH CROSS em 2019-09-16 00:00:00: fast=15.01 slow=15.05
2026-08-16 22:28:05 | INFO     | src.strategies.sma_cross | GOLDEN CROSS em 2019-12-30 00:00:00: fast=15.12 slow=15.10
2026-08-16 22:28:05 | INFO     | src.strategies.sma_cross | DEATH CROSS em 2020-03-16 00:00:00: fast=15.09 slow=15.15
2026-08-16 22:28:05 | INFO     | src.strategies.sma_cross | GOLDEN CROSS em 2020-12-07 00:00:00: fast=10.57 slow=10.54
2026-08-16 22:28:05 | INFO     | src.strategies.sma_cross | DEATH CROSS em 2021-03-22 00:00:00: fast=10.87 slow=10.91
2026-08-16 22:28:05 | INFO     | src.strategies.sma_cross | GOLDEN CROSS em 2021-06-22 00:00:00: fast=10.87 slow=10.86
2026-08-16 22:28:05 | INFO     | src.strategies.sma_cross | DEATH CROSS em 2021-08-23 00:00:00: fast=10.96 slow=10.96
2026-08-16 22:28:05 | INFO     | src.strategies.sma_cross | GOLDEN CROSS em 2021-12-08 00:00:00: fast=10.55 slow=10.54
2026-08-16 22:28:05 | INFO     | src.strategies.sma_cross | DEATH CROSS em 2022-01-03 00:00:00: fast=10.61 slow=10.61
2026-08-16 22:28:05 | INFO     | src.strategies.sma_cross | GOLDEN CROSS em 2022-01-14 00:00:00: fast=10.63 slow=10.62
2026-08-16 22:28:05 | INFO     | src.strategies.sma_cross | DEATH CROSS em 2023-01-05 00:00:00: fast=13.80 slow=13.82
2026-08-16 22:28:05 | INFO     | src.strategies.sma_cross | GOLDEN CROSS em 2023-01-30 00:00:00: fast=14.05 slow=14.02
2026-08-16 22:28:05 | INFO     | src.strategies.sma_cross | DEATH CROSS em 2024-08-07 00:00:00: fast=23.79 slow=23.80
2026-08-16 22:28:05 | INFO     | src.strategies.sma_cross | GOLDEN CROSS em 2024-08-20 00:00:00: fast=23.98 slow=23.97
2026-08-16 22:28:05 | INFO     | src.strategies.sma_cross | DEATH CROSS em 2024-11-21 00:00:00: fast=24.44 slow=24.46
2026-08-16 22:28:05 | INFO     | src.strategies.sma_cross | GOLDEN CROSS em 2025-02-20 00:00:00: fast=24.30 slow=24.27
2026-08-16 22:28:05 | INFO     | src.strategies.sma_cross | DEATH CROSS em 2025-06-23 00:00:00: fast=24.75 slow=24.84
2026-08-16 22:28:05 | INFO     | src.strategies.sma_cross | GOLDEN CROSS em 2026-01-30 00:00:00: fast=21.81 slow=21.80
2026-08-16 22:28:05 | INFO     | src.strategies.sma_cross | DEATH CROSS em 2026-06-05 00:00:00: fast=22.11 slow=22.12
2026-08-16 22:28:05 | INFO     | src.backtesting.engine | Backtest iniciado: capital=100000.00, 2639 dias, estrategia=SMA Cross (50/200)
2026-08-16 22:28:05 | INFO     | src.backtesting.engine | Backtest concluído: 100000.00 → 40767.92 (-59.23%) | 22 trades | custos=CostModel
2026-08-16 22:28:05 | INFO     | src.strategies.bollinger_bands | BB VENDA em 2016-03-01 00:00:00: preço=3.78 > banda_sup=3.75
2026-08-16 22:28:05 | INFO     | src.strategies.bollinger_bands | BB COMPRA em 2016-05-13 00:00:00: preço=5.17 < banda_inf=5.19
2026-08-16 22:28:05 | INFO     | src.strategies.bollinger_bands | BB COMPRA em 2016-05-24 00:00:00: preço=4.30 < banda_inf=4.30
2026-08-16 22:28:05 | INFO     | src.strategies.bollinger_bands | BB VENDA em 2016-07-11 00:00:00: preço=4.89 > banda_sup=4.82
2026-08-16 22:28:05 | INFO     | src.strategies.bollinger_bands | BB VENDA em 2016-07-14 00:00:00: preço=5.16 > banda_sup=5.05
2026-08-16 22:28:05 | INFO     | src.strategies.bollinger_bands | BB VENDA em 2016-08-12 00:00:00: preço=6.15 > banda_sup=6.05
2026-08-16 22:28:05 | INFO     | src.strategies.bollinger_bands | BB VENDA em 2016-10-06 00:00:00: preço=6.78 > banda_sup=6.67
2026-08-16 22:28:05 | INFO     | src.strategies.bollinger_bands | BB VENDA em 2016-10-17 00:00:00: preço=7.54 > banda_sup=7.34
2026-08-16 22:28:05 | INFO     | src.strategies.bollinger_bands | BB COMPRA em 2016-11-11 00:00:00: preço=6.52 < banda_inf=6.85
2026-08-16 22:28:05 | INFO     | src.strategies.bollinger_bands | BB VENDA em 2016-12-29 00:00:00: preço=7.77 > banda_sup=7.74
2026-08-16 22:28:05 | INFO     | src.strategies.bollinger_bands | BB VENDA em 2017-01-03 00:00:00: preço=7.96 > banda_sup=7.87
2026-08-16 22:28:05 | INFO     | src.strategies.bollinger_bands | BB VENDA em 2017-01-23 00:00:00: preço=8.48 > banda_sup=8.31
2026-08-16 22:28:05 | INFO     | src.strategies.bollinger_bands | BB VENDA em 2017-01-26 00:00:00: preço=8.85 > banda_sup=8.56
2026-08-16 22:28:05 | INFO     | src.strategies.bollinger_bands | BB VENDA em 2017-02-16 00:00:00: preço=9.09 > banda_sup=9.05
2026-08-16 22:28:05 | INFO     | src.strategies.bollinger_bands | BB COMPRA em 2017-03-21 00:00:00: preço=8.86 < banda_inf=8.92
2026-08-16 22:28:05 | INFO     | src.strategies.bollinger_bands | BB COMPRA em 2017-04-13 00:00:00: preço=8.48 < banda_inf=8.69
2026-08-16 22:28:05 | INFO     | src.strategies.bollinger_bands | BB VENDA em 2017-05-11 00:00:00: preço=9.53 > banda_sup=9.52
2026-08-16 22:28:05 | INFO     | src.strategies.bollinger_bands | BB COMPRA em 2017-05-18 00:00:00: preço=7.51 < banda_inf=8.12
2026-08-16 22:28:05 | INFO     | src.strategies.bollinger_bands | BB COMPRA em 2017-06-20 00:00:00: preço=7.28 < banda_inf=7.39
2026-08-16 22:28:05 | INFO     | src.strategies.bollinger_bands | BB VENDA em 2017-07-12 00:00:00: preço=8.07 > banda_sup=7.96
2026-08-16 22:28:05 | INFO     | src.strategies.bollinger_bands | BB VENDA em 2017-08-07 00:00:00: preço=8.78 > banda_sup=8.71
2026-08-16 22:28:05 | INFO     | src.strategies.bollinger_bands | BB VENDA em 2017-09-11 00:00:00: preço=9.53 > banda_sup=9.47
2026-08-16 22:28:05 | INFO     | src.strategies.bollinger_bands | BB VENDA em 2017-10-03 00:00:00: preço=10.27 > banda_sup=10.26
2026-08-16 22:28:05 | INFO     | src.strategies.bollinger_bands | BB VENDA em 2017-10-05 00:00:00: preço=10.39 > banda_sup=10.39
2026-08-16 22:28:05 | INFO     | src.strategies.bollinger_bands | BB COMPRA em 2017-10-30 00:00:00: preço=9.95 < banda_inf=10.07
2026-08-16 22:28:05 | INFO     | src.strategies.bollinger_bands | BB COMPRA em 2017-11-07 00:00:00: preço=8.89 < banda_inf=9.10
2026-08-16 22:28:05 | INFO     | src.strategies.bollinger_bands | BB COMPRA em 2017-11-30 00:00:00: preço=8.51 < banda_inf=8.53
2026-08-16 22:28:05 | INFO     | src.strategies.bollinger_bands | BB VENDA em 2018-01-02 00:00:00: preço=9.39 > banda_sup=9.27
2026-08-16 22:28:05 | INFO     | src.strategies.bollinger_bands | BB VENDA em 2018-01-24 00:00:00: preço=10.83 > banda_sup=10.53
2026-08-16 22:28:05 | INFO     | src.strategies.bollinger_bands | BB VENDA em 2018-02-22 00:00:00: preço=12.09 > banda_sup=11.91
2026-08-16 22:28:05 | INFO     | src.strategies.bollinger_bands | BB COMPRA em 2018-03-27 00:00:00: preço=11.62 < banda_inf=11.63
2026-08-16 22:28:05 | INFO     | src.strategies.bollinger_bands | BB COMPRA em 2018-04-10 00:00:00: preço=11.13 < banda_inf=11.15
2026-08-16 22:28:05 | INFO     | src.strategies.bollinger_bands | BB COMPRA em 2018-04-13 00:00:00: preço=10.82 < banda_inf=10.90
2026-08-16 22:28:05 | INFO     | src.strategies.bollinger_bands | BB COMPRA em 2018-05-15 00:00:00: preço=9.76 < banda_inf=9.78
2026-08-16 22:28:05 | INFO     | src.strategies.bollinger_bands | BB COMPRA em 2018-05-17 00:00:00: preço=9.45 < banda_inf=9.55
2026-08-16 22:28:05 | INFO     | src.strategies.bollinger_bands | BB COMPRA em 2018-05-28 00:00:00: preço=8.07 < banda_inf=8.36
2026-08-16 22:28:05 | INFO     | src.strategies.bollinger_bands | BB VENDA em 2018-07-02 00:00:00: preço=8.53 > banda_sup=8.52
2026-08-16 22:28:05 | INFO     | src.strategies.bollinger_bands | BB COMPRA em 2018-08-17 00:00:00: preço=9.07 < banda_inf=9.09
2026-08-16 22:28:05 | INFO     | src.strategies.bollinger_bands | BB VENDA em 2018-10-02 00:00:00: preço=9.23 > banda_sup=9.18
2026-08-16 22:28:05 | INFO     | src.strategies.bollinger_bands | BB VENDA em 2018-11-22 00:00:00: preço=13.31 > banda_sup=13.30
2026-08-16 22:28:05 | INFO     | src.strategies.bollinger_bands | BB VENDA em 2018-12-28 00:00:00: preço=13.96 > banda_sup=13.75
2026-08-16 22:28:05 | INFO     | src.strategies.bollinger_bands | BB VENDA em 2019-01-30 00:00:00: preço=15.19 > banda_sup=15.07
2026-08-16 22:28:05 | INFO     | src.strategies.bollinger_bands | BB COMPRA em 2019-03-22 00:00:00: preço=14.51 < banda_inf=14.85
2026-08-16 22:28:05 | INFO     | src.strategies.bollinger_bands | BB COMPRA em 2019-03-27 00:00:00: preço=14.13 < banda_inf=14.26
2026-08-16 22:28:05 | INFO     | src.strategies.bollinger_bands | BB COMPRA em 2019-05-16 00:00:00: preço=13.90 < banda_inf=14.13
2026-08-16 22:28:05 | INFO     | src.strategies.bollinger_bands | BB VENDA em 2019-07-04 00:00:00: preço=17.01 > banda_sup=17.00
2026-08-16 22:28:05 | INFO     | src.strategies.bollinger_bands | BB COMPRA em 2019-07-25 00:00:00: preço=15.45 < banda_inf=15.46
2026-08-16 22:28:05 | INFO     | src.strategies.bollinger_bands | BB VENDA em 2019-09-06 00:00:00: preço=15.37 > banda_sup=15.05
2026-08-16 22:28:05 | INFO     | src.strategies.bollinger_bands | BB COMPRA em 2019-10-02 00:00:00: preço=13.57 < banda_inf=13.68
2026-08-16 22:28:05 | INFO     | src.strategies.bollinger_bands | BB COMPRA em 2019-10-08 00:00:00: preço=13.45 < banda_inf=13.45
2026-08-16 22:28:05 | INFO     | src.strategies.bollinger_bands | BB VENDA em 2019-10-22 00:00:00: preço=14.82 > banda_sup=14.72
2026-08-16 22:28:05 | INFO     | src.strategies.bollinger_bands | BB VENDA em 2019-10-28 00:00:00: preço=15.25 > banda_sup=15.22
2026-08-16 22:28:05 | INFO     | src.strategies.bollinger_bands | BB VENDA em 2019-12-04 00:00:00: preço=15.47 > banda_sup=15.38
2026-08-16 22:28:05 | INFO     | src.strategies.bollinger_bands | BB VENDA em 2019-12-18 00:00:00: preço=16.02 > banda_sup=15.87
2026-08-16 22:28:05 | INFO     | src.strategies.bollinger_bands | BB VENDA em 2019-12-23 00:00:00: preço=16.64 > banda_sup=16.40
2026-08-16 22:28:05 | INFO     | src.strategies.bollinger_bands | BB COMPRA em 2020-02-26 00:00:00: preço=14.43 < banda_inf=14.86
2026-08-16 22:28:05 | INFO     | src.strategies.bollinger_bands | BB COMPRA em 2020-03-05 00:00:00: preço=13.76 < banda_inf=14.02
2026-08-16 22:28:05 | INFO     | src.strategies.bollinger_bands | BB COMPRA em 2020-03-11 00:00:00: preço=11.55 < banda_inf=11.95
2026-08-16 22:28:05 | INFO     | src.strategies.bollinger_bands | BB COMPRA em 2020-03-16 00:00:00: preço=9.75 < banda_inf=10.01
2026-08-16 22:28:05 | INFO     | src.strategies.bollinger_bands | BB COMPRA em 2020-03-18 00:00:00: preço=8.53 < banda_inf=8.70
2026-08-16 22:28:05 | INFO     | src.strategies.bollinger_bands | BB COMPRA em 2020-04-24 00:00:00: preço=7.79 < banda_inf=8.10
2026-08-16 22:28:05 | INFO     | src.strategies.bollinger_bands | BB VENDA em 2020-05-25 00:00:00: preço=10.10 > banda_sup=9.80
2026-08-16 22:28:05 | INFO     | src.strategies.bollinger_bands | BB VENDA em 2020-06-03 00:00:00: preço=11.15 > banda_sup=10.98
2026-08-16 22:28:05 | INFO     | src.strategies.bollinger_bands | BB VENDA em 2020-07-17 00:00:00: preço=11.37 > banda_sup=11.36
2026-08-16 22:28:05 | INFO     | src.strategies.bollinger_bands | BB COMPRA em 2020-08-17 00:00:00: preço=10.37 < banda_inf=10.38
2026-08-16 22:28:05 | INFO     | src.strategies.bollinger_bands | BB COMPRA em 2020-09-18 00:00:00: preço=10.22 < banda_inf=10.24
2026-08-16 22:28:05 | INFO     | src.strategies.bollinger_bands | BB COMPRA em 2020-09-23 00:00:00: preço=9.84 < banda_inf=9.91
2026-08-16 22:28:05 | INFO     | src.strategies.bollinger_bands | BB VENDA em 2020-10-20 00:00:00: preço=10.44 > banda_sup=10.34
2026-08-16 22:28:05 | INFO     | src.strategies.bollinger_bands | BB VENDA em 2020-11-10 00:00:00: preço=11.21 > banda_sup=11.21
2026-08-16 22:28:05 | INFO     | src.strategies.bollinger_bands | BB VENDA em 2020-12-10 00:00:00: preço=12.41 > banda_sup=12.26
2026-08-16 22:28:05 | INFO     | src.strategies.bollinger_bands | BB COMPRA em 2021-01-15 00:00:00: preço=11.94 < banda_inf=12.05
2026-08-16 22:28:05 | INFO     | src.strategies.bollinger_bands | BB COMPRA em 2021-01-26 00:00:00: preço=10.79 < banda_inf=10.82
2026-08-16 22:28:05 | INFO     | src.strategies.bollinger_bands | BB COMPRA em 2021-02-19 00:00:00: preço=10.74 < banda_inf=10.80
2026-08-16 22:28:05 | INFO     | src.strategies.bollinger_bands | BB COMPRA em 2021-02-26 00:00:00: preço=9.37 < banda_inf=9.54
2026-08-16 22:28:05 | INFO     | src.strategies.bollinger_bands | BB VENDA em 2021-05-11 00:00:00: preço=10.26 > banda_sup=10.24
2026-08-16 22:28:05 | INFO     | src.strategies.bollinger_bands | BB VENDA em 2021-05-13 00:00:00: preço=10.46 > banda_sup=10.36
2026-08-16 22:28:05 | INFO     | src.strategies.bollinger_bands | BB VENDA em 2021-06-04 00:00:00: preço=12.15 > banda_sup=12.15
2026-08-16 22:28:05 | INFO     | src.strategies.bollinger_bands | BB VENDA em 2021-07-28 00:00:00: preço=11.24 > banda_sup=11.23
2026-08-16 22:28:05 | INFO     | src.strategies.bollinger_bands | BB COMPRA em 2021-08-05 00:00:00: preço=10.54 < banda_inf=10.61
2026-08-16 22:28:05 | INFO     | src.strategies.bollinger_bands | BB COMPRA em 2021-08-10 00:00:00: preço=10.49 < banda_inf=10.52
2026-08-16 22:28:05 | INFO     | src.strategies.bollinger_bands | BB VENDA em 2021-10-05 00:00:00: preço=10.64 > banda_sup=10.53
2026-08-16 22:28:05 | INFO     | src.strategies.bollinger_bands | BB VENDA em 2021-10-08 00:00:00: preço=10.77 > banda_sup=10.74
2026-08-16 22:28:05 | INFO     | src.strategies.bollinger_bands | BB VENDA em 2021-10-18 00:00:00: preço=11.20 > banda_sup=11.14
2026-08-16 22:28:05 | INFO     | src.strategies.bollinger_bands | BB VENDA em 2021-11-25 00:00:00: preço=11.21 > banda_sup=10.91
2026-08-16 22:28:05 | INFO     | src.strategies.bollinger_bands | BB VENDA em 2021-11-30 00:00:00: preço=11.23 > banda_sup=11.18
2026-08-16 22:28:05 | INFO     | src.strategies.bollinger_bands | BB VENDA em 2021-12-06 00:00:00: preço=11.66 > banda_sup=11.66
2026-08-16 22:28:05 | INFO     | src.strategies.bollinger_bands | BB VENDA em 2022-01-17 00:00:00: preço=10.80 > banda_sup=10.79
2026-08-16 22:28:05 | INFO     | src.strategies.bollinger_bands | BB VENDA em 2022-01-25 00:00:00: preço=11.40 > banda_sup=11.38
2026-08-16 22:28:05 | INFO     | src.strategies.bollinger_bands | BB VENDA em 2022-02-11 00:00:00: preço=11.84 > banda_sup=11.82
2026-08-16 22:28:05 | INFO     | src.strategies.bollinger_bands | BB VENDA em 2022-04-18 00:00:00: preço=13.33 > banda_sup=13.20
2026-08-16 22:28:05 | INFO     | src.strategies.bollinger_bands | BB VENDA em 2022-05-17 00:00:00: preço=13.31 > banda_sup=13.16
2026-08-16 22:28:05 | INFO     | src.strategies.bollinger_bands | BB VENDA em 2022-05-20 00:00:00: preço=13.51 > banda_sup=13.41
2026-08-16 22:28:05 | INFO     | src.strategies.bollinger_bands | BB COMPRA em 2022-06-13 00:00:00: preço=12.55 < banda_inf=12.59
2026-08-16 22:28:05 | INFO     | src.strategies.bollinger_bands | BB VENDA em 2022-07-18 00:00:00: preço=12.64 > banda_sup=12.61
2026-08-16 22:28:05 | INFO     | src.strategies.bollinger_bands | BB VENDA em 2022-07-25 00:00:00: preço=13.18 > banda_sup=13.17
2026-08-16 22:28:05 | INFO     | src.strategies.bollinger_bands | BB VENDA em 2022-07-28 00:00:00: preço=13.56 > banda_sup=13.54
2026-08-16 22:28:05 | INFO     | src.strategies.bollinger_bands | BB VENDA em 2022-08-08 00:00:00: preço=14.60 > banda_sup=14.45
2026-08-16 22:28:05 | INFO     | src.strategies.bollinger_bands | BB COMPRA em 2022-09-08 00:00:00: preço=15.07 < banda_inf=15.09
2026-08-16 22:28:05 | INFO     | src.strategies.bollinger_bands | BB VENDA em 2022-10-20 00:00:00: preço=16.76 > banda_sup=16.38
2026-08-16 22:28:05 | INFO     | src.strategies.bollinger_bands | BB COMPRA em 2022-12-13 00:00:00: preço=12.66 < banda_inf=12.93
2026-08-16 22:28:05 | INFO     | src.strategies.bollinger_bands | BB VENDA em 2023-01-17 00:00:00: preço=14.98 > banda_sup=14.71
2026-08-16 22:28:05 | INFO     | src.strategies.bollinger_bands | BB VENDA em 2023-02-14 00:00:00: preço=16.51 > banda_sup=16.50
2026-08-16 22:28:05 | INFO     | src.strategies.bollinger_bands | BB VENDA em 2023-04-11 00:00:00: preço=16.34 > banda_sup=16.33
2026-08-16 22:28:05 | INFO     | src.strategies.bollinger_bands | BB VENDA em 2023-05-11 00:00:00: preço=18.17 > banda_sup=18.12
2026-08-16 22:28:05 | INFO     | src.strategies.bollinger_bands | BB VENDA em 2023-06-02 00:00:00: preço=18.63 > banda_sup=18.62
2026-08-16 22:28:05 | INFO     | src.strategies.bollinger_bands | BB VENDA em 2023-06-09 00:00:00: preço=19.88 > banda_sup=19.36
2026-08-16 22:28:05 | INFO     | src.strategies.bollinger_bands | BB VENDA em 2023-06-15 00:00:00: preço=20.90 > banda_sup=20.88
2026-08-16 22:28:05 | INFO     | src.strategies.bollinger_bands | BB COMPRA em 2023-07-12 00:00:00: preço=19.94 < banda_inf=20.09
2026-08-16 22:28:05 | INFO     | src.strategies.bollinger_bands | BB VENDA em 2023-08-22 00:00:00: preço=20.46 > banda_sup=20.30
2026-08-16 22:28:05 | INFO     | src.strategies.bollinger_bands | BB VENDA em 2023-08-28 00:00:00: preço=20.59 > banda_sup=20.56
2026-08-16 22:28:05 | INFO     | src.strategies.bollinger_bands | BB COMPRA em 2023-09-26 00:00:00: preço=19.66 < banda_inf=19.71
2026-08-16 22:28:05 | INFO     | src.strategies.bollinger_bands | BB VENDA em 2023-10-06 00:00:00: preço=20.98 > banda_sup=20.79
2026-08-16 22:28:05 | INFO     | src.strategies.bollinger_bands | BB VENDA em 2023-10-16 00:00:00: preço=21.40 > banda_sup=21.34
2026-08-16 22:28:05 | INFO     | src.strategies.bollinger_bands | BB VENDA em 2023-11-06 00:00:00: preço=21.67 > banda_sup=21.63
2026-08-16 22:28:05 | INFO     | src.strategies.bollinger_bands | BB VENDA em 2023-11-30 00:00:00: preço=23.31 > banda_sup=22.98
2026-08-16 22:28:05 | INFO     | src.strategies.bollinger_bands | BB VENDA em 2024-01-15 00:00:00: preço=24.29 > banda_sup=24.15
2026-08-16 22:28:05 | INFO     | src.strategies.bollinger_bands | BB VENDA em 2024-01-23 00:00:00: preço=24.44 > banda_sup=24.42
2026-08-16 22:28:05 | INFO     | src.strategies.bollinger_bands | BB VENDA em 2024-02-01 00:00:00: preço=24.96 > banda_sup=24.91
2026-08-16 22:28:05 | INFO     | src.strategies.bollinger_bands | BB VENDA em 2024-02-05 00:00:00: preço=25.22 > banda_sup=25.19
2026-08-16 22:28:05 | INFO     | src.strategies.bollinger_bands | BB COMPRA em 2024-03-18 00:00:00: preço=24.40 < banda_inf=24.43
2026-08-16 22:28:05 | INFO     | src.strategies.bollinger_bands | BB VENDA em 2024-04-08 00:00:00: preço=25.21 > banda_sup=25.17
2026-08-16 22:28:05 | INFO     | src.strategies.bollinger_bands | BB VENDA em 2024-07-17 00:00:00: preço=24.37 > banda_sup=24.29
2026-08-16 22:28:05 | INFO     | src.strategies.bollinger_bands | BB VENDA em 2024-08-14 00:00:00: preço=24.92 > banda_sup=24.79
2026-08-16 22:28:05 | INFO     | src.strategies.bollinger_bands | BB COMPRA em 2024-09-20 00:00:00: preço=25.11 < banda_inf=25.15
2026-08-16 22:28:05 | INFO     | src.strategies.bollinger_bands | BB COMPRA em 2024-11-14 00:00:00: preço=23.17 < banda_inf=23.42
2026-08-16 22:28:05 | INFO     | src.strategies.bollinger_bands | BB COMPRA em 2024-11-21 00:00:00: preço=23.06 < banda_inf=23.22
2026-08-16 22:28:05 | INFO     | src.strategies.bollinger_bands | BB COMPRA em 2024-11-28 00:00:00: preço=22.78 < banda_inf=22.95
2026-08-16 22:28:05 | INFO     | src.strategies.bollinger_bands | BB COMPRA em 2024-12-18 00:00:00: preço=22.25 < banda_inf=22.37
2026-08-16 22:28:05 | INFO     | src.strategies.bollinger_bands | BB VENDA em 2025-01-15 00:00:00: preço=23.68 > banda_sup=23.32
2026-08-16 22:28:05 | INFO     | src.strategies.bollinger_bands | BB VENDA em 2025-01-22 00:00:00: preço=24.49 > banda_sup=24.33
2026-08-16 22:28:05 | INFO     | src.strategies.bollinger_bands | BB VENDA em 2025-01-27 00:00:00: preço=25.97 > banda_sup=25.51
2026-08-16 22:28:05 | INFO     | src.strategies.bollinger_bands | BB VENDA em 2025-02-17 00:00:00: preço=27.33 > banda_sup=27.32
2026-08-16 22:28:05 | INFO     | src.strategies.bollinger_bands | BB VENDA em 2025-04-30 00:00:00: preço=27.75 > banda_sup=27.60
2026-08-16 22:28:05 | INFO     | src.strategies.bollinger_bands | BB COMPRA em 2025-05-16 00:00:00: preço=24.62 < banda_inf=25.48
2026-08-16 22:28:05 | INFO     | src.strategies.bollinger_bands | BB VENDA em 2025-07-04 00:00:00: preço=21.92 > banda_sup=21.89
2026-08-16 22:28:05 | INFO     | src.strategies.bollinger_bands | BB COMPRA em 2025-07-14 00:00:00: preço=20.21 < banda_inf=20.29
2026-08-16 22:28:05 | INFO     | src.strategies.bollinger_bands | BB COMPRA em 2025-07-21 00:00:00: preço=19.40 < banda_inf=19.55
2026-08-16 22:28:05 | INFO     | src.strategies.bollinger_bands | BB COMPRA em 2025-08-01 00:00:00: preço=17.93 < banda_inf=18.31
2026-08-16 22:28:05 | INFO     | src.strategies.bollinger_bands | BB VENDA em 2025-08-18 00:00:00: preço=20.59 > banda_sup=20.55
2026-08-16 22:28:05 | INFO     | src.strategies.bollinger_bands | BB VENDA em 2025-09-10 00:00:00: preço=21.54 > banda_sup=21.39
2026-08-16 22:28:05 | INFO     | src.strategies.bollinger_bands | BB COMPRA em 2025-10-07 00:00:00: preço=20.72 < banda_inf=20.81
2026-08-16 22:28:05 | INFO     | src.strategies.bollinger_bands | BB COMPRA em 2025-10-10 00:00:00: preço=20.14 < banda_inf=20.38
2026-08-16 22:28:05 | INFO     | src.strategies.bollinger_bands | BB COMPRA em 2025-10-15 00:00:00: preço=19.85 < banda_inf=19.91
2026-08-16 22:28:05 | INFO     | src.strategies.bollinger_bands | BB VENDA em 2025-10-31 00:00:00: preço=21.40 > banda_sup=21.25
2026-08-16 22:28:05 | INFO     | src.strategies.bollinger_bands | BB COMPRA em 2025-12-05 00:00:00: preço=20.78 < banda_inf=20.84
2026-08-16 22:28:05 | INFO     | src.strategies.bollinger_bands | BB COMPRA em 2026-01-13 00:00:00: preço=20.82 < banda_inf=20.88
2026-08-16 22:28:05 | INFO     | src.strategies.bollinger_bands | BB VENDA em 2026-01-21 00:00:00: preço=22.00 > banda_sup=21.89
2026-08-16 22:28:05 | INFO     | src.strategies.bollinger_bands | BB VENDA em 2026-02-20 00:00:00: preço=26.51 > banda_sup=26.32
2026-08-16 22:28:05 | INFO     | src.strategies.bollinger_bands | BB VENDA em 2026-02-24 00:00:00: preço=26.86 > banda_sup=26.75
2026-08-16 22:28:05 | INFO     | src.strategies.bollinger_bands | BB VENDA em 2026-04-09 00:00:00: preço=24.55 > banda_sup=24.52
2026-08-16 22:28:05 | INFO     | src.strategies.bollinger_bands | BB VENDA em 2026-04-14 00:00:00: preço=25.20 > banda_sup=25.06
2026-08-16 22:28:05 | INFO     | src.strategies.bollinger_bands | BB COMPRA em 2026-04-29 00:00:00: preço=21.56 < banda_inf=21.65
2026-08-16 22:28:05 | INFO     | src.strategies.bollinger_bands | BB COMPRA em 2026-06-05 00:00:00: preço=19.17 < banda_inf=19.27
2026-08-16 22:28:05 | INFO     | src.strategies.bollinger_bands | BB VENDA em 2026-06-26 00:00:00: preço=20.34 > banda_sup=20.31
2026-08-16 22:28:05 | INFO     | src.strategies.bollinger_bands | BB VENDA em 2026-07-10 00:00:00: preço=20.58 > banda_sup=20.48
2026-08-16 22:28:05 | INFO     | src.strategies.bollinger_bands | BB VENDA em 2026-07-22 00:00:00: preço=21.09 > banda_sup=21.08
2026-08-16 22:28:05 | INFO     | src.backtesting.engine | Backtest iniciado: capital=100000.00, 2639 dias, estrategia=Bollinger Bands (20,2.0)
2026-08-16 22:28:05 | INFO     | src.backtesting.engine | Backtest concluído: 100000.00 → 94498.22 (-5.50%) | 52 trades | custos=CostModel
2026-08-16 22:28:05 | INFO     | src.strategies.buy_and_hold | BuyAndHold: entrada em 2016-01-04 00:00:00 a R$ 11.29
2026-08-16 22:28:05 | INFO     | src.backtesting.engine | Backtest iniciado: capital=100000.00, 2639 dias, estrategia=Buy and Hold
2026-08-16 22:28:05 | INFO     | src.backtesting.engine | Backtest concluído: 100000.00 → 140319.23 (40.32%) | 1 trades | custos=CostModel
2026-08-16 22:28:05 | INFO     | src.strategies.sma_cross | DEATH CROSS em 2016-11-29 00:00:00: fast=12.56 slow=12.57
2026-08-16 22:28:05 | INFO     | src.strategies.sma_cross | GOLDEN CROSS em 2017-05-11 00:00:00: fast=12.24 slow=12.23
2026-08-16 22:28:05 | INFO     | src.strategies.sma_cross | DEATH CROSS em 2018-06-18 00:00:00: fast=15.03 slow=15.04
2026-08-16 22:28:05 | INFO     | src.strategies.sma_cross | GOLDEN CROSS em 2019-03-14 00:00:00: fast=12.68 slow=12.68
2026-08-16 22:28:05 | INFO     | src.strategies.sma_cross | DEATH CROSS em 2019-05-03 00:00:00: fast=12.54 slow=12.54
2026-08-16 22:28:05 | INFO     | src.strategies.sma_cross | GOLDEN CROSS em 2019-05-27 00:00:00: fast=12.46 slow=12.46
2026-08-16 22:28:05 | INFO     | src.strategies.sma_cross | DEATH CROSS em 2020-03-02 00:00:00: fast=13.23 slow=13.27
2026-08-16 22:28:05 | INFO     | src.strategies.sma_cross | GOLDEN CROSS em 2020-11-23 00:00:00: fast=9.94 slow=9.93
2026-08-16 22:28:05 | INFO     | src.strategies.sma_cross | DEATH CROSS em 2021-10-13 00:00:00: fast=12.46 slow=12.46
2026-08-16 22:28:05 | INFO     | src.strategies.sma_cross | GOLDEN CROSS em 2022-09-01 00:00:00: fast=11.70 slow=11.67
2026-08-16 22:28:05 | INFO     | src.strategies.sma_cross | DEATH CROSS em 2023-02-09 00:00:00: fast=11.79 slow=11.80
2026-08-16 22:28:05 | INFO     | src.strategies.sma_cross | GOLDEN CROSS em 2023-05-23 00:00:00: fast=12.01 slow=12.01
2026-08-16 22:28:05 | INFO     | src.strategies.sma_cross | DEATH CROSS em 2023-09-22 00:00:00: fast=11.93 slow=11.93
2026-08-16 22:28:05 | INFO     | src.strategies.sma_cross | GOLDEN CROSS em 2024-02-07 00:00:00: fast=11.82 slow=11.82
2026-08-16 22:28:05 | INFO     | src.strategies.sma_cross | DEATH CROSS em 2024-02-20 00:00:00: fast=11.79 slow=11.80
2026-08-16 22:28:05 | INFO     | src.strategies.sma_cross | GOLDEN CROSS em 2024-09-23 00:00:00: fast=11.01 slow=10.99
2026-08-16 22:28:05 | INFO     | src.strategies.sma_cross | DEATH CROSS em 2025-02-14 00:00:00: fast=10.82 slow=10.83
2026-08-16 22:28:05 | INFO     | src.strategies.sma_cross | GOLDEN CROSS em 2025-03-26 00:00:00: fast=11.00 slow=10.98
2026-08-16 22:28:05 | INFO     | src.strategies.sma_cross | DEATH CROSS em 2025-09-11 00:00:00: fast=11.97 slow=11.98
2026-08-16 22:28:05 | INFO     | src.strategies.sma_cross | GOLDEN CROSS em 2025-12-19 00:00:00: fast=12.47 slow=12.46
2026-08-16 22:28:05 | INFO     | src.backtesting.engine | Backtest iniciado: capital=100000.00, 2639 dias, estrategia=SMA Cross (50/200)
2026-08-16 22:28:05 | INFO     | src.backtesting.engine | Backtest concluído: 100000.00 → 83171.19 (-16.83%) | 19 trades | custos=CostModel
2026-08-16 22:28:05 | INFO     | src.strategies.bollinger_bands | BB VENDA em 2016-03-04 00:00:00: preço=12.62 > banda_sup=12.46
2026-08-16 22:28:05 | INFO     | src.strategies.bollinger_bands | BB COMPRA em 2016-05-18 00:00:00: preço=12.15 < banda_inf=12.18
2026-08-16 22:28:05 | INFO     | src.strategies.bollinger_bands | BB COMPRA em 2016-07-29 00:00:00: preço=12.50 < banda_inf=12.51
2026-08-16 22:28:05 | INFO     | src.strategies.bollinger_bands | BB COMPRA em 2016-08-03 00:00:00: preço=12.40 < banda_inf=12.43
2026-08-16 22:28:05 | INFO     | src.strategies.bollinger_bands | BB VENDA em 2016-08-12 00:00:00: preço=13.12 > banda_sup=13.12
2026-08-16 22:28:05 | INFO     | src.strategies.bollinger_bands | BB COMPRA em 2016-10-13 00:00:00: preço=12.79 < banda_inf=12.84
2026-08-16 22:28:05 | INFO     | src.strategies.bollinger_bands | BB COMPRA em 2016-10-28 00:00:00: preço=12.70 < banda_inf=12.79
2026-08-16 22:28:05 | INFO     | src.strategies.bollinger_bands | BB COMPRA em 2016-12-01 00:00:00: preço=11.15 < banda_inf=11.24
2026-08-16 22:28:05 | INFO     | src.strategies.bollinger_bands | BB COMPRA em 2016-12-05 00:00:00: preço=11.04 < banda_inf=11.05
2026-08-16 22:28:05 | INFO     | src.strategies.bollinger_bands | BB VENDA em 2017-01-12 00:00:00: preço=11.51 > banda_sup=11.45
2026-08-16 22:28:05 | INFO     | src.strategies.bollinger_bands | BB VENDA em 2017-02-15 00:00:00: preço=12.30 > banda_sup=12.08
2026-08-16 22:28:05 | INFO     | src.strategies.bollinger_bands | BB VENDA em 2017-02-22 00:00:00: preço=12.48 > banda_sup=12.47
2026-08-16 22:28:05 | INFO     | src.strategies.bollinger_bands | BB VENDA em 2017-03-29 00:00:00: preço=12.41 > banda_sup=12.30
2026-08-16 22:28:05 | INFO     | src.strategies.bollinger_bands | BB VENDA em 2017-05-02 00:00:00: preço=12.68 > banda_sup=12.63
2026-08-16 22:28:05 | INFO     | src.strategies.bollinger_bands | BB VENDA em 2017-05-04 00:00:00: preço=12.99 > banda_sup=12.82
2026-08-16 22:28:05 | INFO     | src.strategies.bollinger_bands | BB VENDA em 2017-05-11 00:00:00: preço=13.33 > banda_sup=13.29
2026-08-16 22:28:05 | INFO     | src.strategies.bollinger_bands | BB COMPRA em 2017-06-16 00:00:00: preço=12.14 < banda_inf=12.19
2026-08-16 22:28:05 | INFO     | src.strategies.bollinger_bands | BB VENDA em 2017-09-06 00:00:00: preço=13.86 > banda_sup=13.82
2026-08-16 22:28:05 | INFO     | src.strategies.bollinger_bands | BB VENDA em 2017-09-11 00:00:00: preço=13.95 > banda_sup=13.90
2026-08-16 22:28:05 | INFO     | src.strategies.bollinger_bands | BB VENDA em 2017-10-13 00:00:00: preço=15.24 > banda_sup=15.11
2026-08-16 22:28:05 | INFO     | src.strategies.bollinger_bands | BB VENDA em 2017-12-11 00:00:00: preço=14.56 > banda_sup=14.53
2026-08-16 22:28:05 | INFO     | src.strategies.bollinger_bands | BB VENDA em 2018-01-02 00:00:00: preço=15.16 > banda_sup=15.13
2026-08-16 22:28:05 | INFO     | src.strategies.bollinger_bands | BB VENDA em 2018-02-01 00:00:00: preço=15.59 > banda_sup=15.51
2026-08-16 22:28:05 | INFO     | src.strategies.bollinger_bands | BB VENDA em 2018-02-14 00:00:00: preço=15.60 > banda_sup=15.57
2026-08-16 22:28:05 | INFO     | src.strategies.bollinger_bands | BB VENDA em 2018-02-20 00:00:00: preço=15.92 > banda_sup=15.84
2026-08-16 22:28:05 | INFO     | src.strategies.bollinger_bands | BB VENDA em 2018-03-08 00:00:00: preço=16.34 > banda_sup=16.29
2026-08-16 22:28:05 | INFO     | src.strategies.bollinger_bands | BB COMPRA em 2018-04-06 00:00:00: preço=16.30 < banda_inf=16.40
2026-08-16 22:28:05 | INFO     | src.strategies.bollinger_bands | BB COMPRA em 2018-04-16 00:00:00: preço=16.11 < banda_inf=16.17
2026-08-16 22:28:05 | INFO     | src.strategies.bollinger_bands | BB COMPRA em 2018-05-02 00:00:00: preço=15.90 < banda_inf=15.90
2026-08-16 22:28:05 | INFO     | src.strategies.bollinger_bands | BB COMPRA em 2018-05-09 00:00:00: preço=15.36 < banda_inf=15.49
2026-08-16 22:28:05 | INFO     | src.strategies.bollinger_bands | BB COMPRA em 2018-05-18 00:00:00: preço=14.47 < banda_inf=14.50
2026-08-16 22:28:05 | INFO     | src.strategies.bollinger_bands | BB VENDA em 2018-07-16 00:00:00: preço=13.40 > banda_sup=13.30
2026-08-16 22:28:05 | INFO     | src.strategies.bollinger_bands | BB VENDA em 2018-07-26 00:00:00: preço=14.07 > banda_sup=13.82
2026-08-16 22:28:05 | INFO     | src.strategies.bollinger_bands | BB COMPRA em 2018-09-03 00:00:00: preço=13.18 < banda_inf=13.23
2026-08-16 22:28:05 | INFO     | src.strategies.bollinger_bands | BB COMPRA em 2018-10-04 00:00:00: preço=12.64 < banda_inf=12.67
2026-08-16 22:28:05 | INFO     | src.strategies.bollinger_bands | BB COMPRA em 2018-10-09 00:00:00: preço=12.36 < banda_inf=12.44
2026-08-16 22:28:05 | INFO     | src.strategies.bollinger_bands | BB COMPRA em 2018-10-24 00:00:00: preço=11.24 < banda_inf=11.28
2026-08-16 22:28:05 | INFO     | src.strategies.bollinger_bands | BB VENDA em 2019-01-11 00:00:00: preço=12.48 > banda_sup=12.36
2026-08-16 22:28:05 | INFO     | src.strategies.bollinger_bands | BB COMPRA em 2019-02-28 00:00:00: preço=12.44 < banda_inf=12.77
2026-08-16 22:28:05 | INFO     | src.strategies.bollinger_bands | BB VENDA em 2019-04-05 00:00:00: preço=12.59 > banda_sup=12.58
2026-08-16 22:28:05 | INFO     | src.strategies.bollinger_bands | BB VENDA em 2019-04-09 00:00:00: preço=12.77 > banda_sup=12.71
2026-08-16 22:28:05 | INFO     | src.strategies.bollinger_bands | BB VENDA em 2019-04-25 00:00:00: preço=13.22 > banda_sup=13.07
2026-08-16 22:28:05 | INFO     | src.strategies.bollinger_bands | BB VENDA em 2019-06-18 00:00:00: preço=13.03 > banda_sup=13.00
2026-08-16 22:28:05 | INFO     | src.strategies.bollinger_bands | BB VENDA em 2019-07-03 00:00:00: preço=13.60 > banda_sup=13.45
2026-08-16 22:28:05 | INFO     | src.strategies.bollinger_bands | BB VENDA em 2019-07-25 00:00:00: preço=14.07 > banda_sup=13.98
2026-08-16 22:28:05 | INFO     | src.strategies.bollinger_bands | BB VENDA em 2019-09-12 00:00:00: preço=13.98 > banda_sup=13.95
2026-08-16 22:28:05 | INFO     | src.strategies.bollinger_bands | BB COMPRA em 2019-10-03 00:00:00: preço=13.41 < banda_inf=13.43
2026-08-16 22:28:05 | INFO     | src.strategies.bollinger_bands | BB COMPRA em 2019-10-08 00:00:00: preço=13.43 < banda_inf=13.44
2026-08-16 22:28:05 | INFO     | src.strategies.bollinger_bands | BB COMPRA em 2019-10-10 00:00:00: preço=13.30 < banda_inf=13.31
2026-08-16 22:28:05 | INFO     | src.strategies.bollinger_bands | BB COMPRA em 2019-10-25 00:00:00: preço=12.70 < banda_inf=13.02
2026-08-16 22:28:05 | INFO     | src.strategies.bollinger_bands | BB VENDA em 2019-11-25 00:00:00: preço=13.14 > banda_sup=13.08
2026-08-16 22:28:05 | INFO     | src.strategies.bollinger_bands | BB VENDA em 2019-12-13 00:00:00: preço=13.72 > banda_sup=13.64
2026-08-16 22:28:05 | INFO     | src.strategies.bollinger_bands | BB COMPRA em 2020-01-29 00:00:00: preço=13.56 < banda_inf=13.64
2026-08-16 22:28:05 | INFO     | src.strategies.bollinger_bands | BB COMPRA em 2020-01-31 00:00:00: preço=13.22 < banda_inf=13.42
2026-08-16 22:28:05 | INFO     | src.strategies.bollinger_bands | BB COMPRA em 2020-02-27 00:00:00: preço=10.74 < banda_inf=11.08
2026-08-16 22:28:05 | INFO     | src.strategies.bollinger_bands | BB COMPRA em 2020-03-12 00:00:00: preço=8.58 < banda_inf=9.50
2026-08-16 22:28:05 | INFO     | src.strategies.bollinger_bands | BB COMPRA em 2020-03-16 00:00:00: preço=8.17 < banda_inf=8.67
2026-08-16 22:28:05 | INFO     | src.strategies.bollinger_bands | BB VENDA em 2020-05-26 00:00:00: preço=9.28 > banda_sup=9.21
2026-08-16 22:28:05 | INFO     | src.strategies.bollinger_bands | BB VENDA em 2020-06-05 00:00:00: preço=10.41 > banda_sup=10.25
2026-08-16 22:28:05 | INFO     | src.strategies.bollinger_bands | BB VENDA em 2020-07-27 00:00:00: preço=11.32 > banda_sup=11.21
2026-08-16 22:28:05 | INFO     | src.strategies.bollinger_bands | BB COMPRA em 2020-08-05 00:00:00: preço=9.76 < banda_inf=9.77
2026-08-16 22:28:05 | INFO     | src.strategies.bollinger_bands | BB COMPRA em 2020-08-31 00:00:00: preço=9.12 < banda_inf=9.19
2026-08-16 22:28:05 | INFO     | src.strategies.bollinger_bands | BB COMPRA em 2020-09-11 00:00:00: preço=8.92 < banda_inf=8.96
2026-08-16 22:28:05 | INFO     | src.strategies.bollinger_bands | BB VENDA em 2020-10-06 00:00:00: preço=9.88 > banda_sup=9.81
2026-08-16 22:28:05 | INFO     | src.strategies.bollinger_bands | BB COMPRA em 2020-10-30 00:00:00: preço=9.02 < banda_inf=9.20
2026-08-16 22:28:05 | INFO     | src.strategies.bollinger_bands | BB VENDA em 2020-11-10 00:00:00: preço=11.27 > banda_sup=10.93
2026-08-16 22:28:05 | INFO     | src.strategies.bollinger_bands | BB VENDA em 2020-12-10 00:00:00: preço=11.62 > banda_sup=11.59
2026-08-16 22:28:05 | INFO     | src.strategies.bollinger_bands | BB VENDA em 2021-01-08 00:00:00: preço=12.57 > banda_sup=12.51
2026-08-16 22:28:05 | INFO     | src.strategies.bollinger_bands | BB VENDA em 2021-01-12 00:00:00: preço=12.77 > banda_sup=12.65
2026-08-16 22:28:05 | INFO     | src.strategies.bollinger_bands | BB COMPRA em 2021-02-25 00:00:00: preço=10.85 < banda_inf=10.89
2026-08-16 22:28:05 | INFO     | src.strategies.bollinger_bands | BB COMPRA em 2021-05-03 00:00:00: preço=11.31 < banda_inf=11.35
2026-08-16 22:28:05 | INFO     | src.strategies.bollinger_bands | BB VENDA em 2021-05-11 00:00:00: preço=12.89 > banda_sup=12.82
2026-08-16 22:28:05 | INFO     | src.strategies.bollinger_bands | BB VENDA em 2021-06-02 00:00:00: preço=14.80 > banda_sup=14.48
2026-08-16 22:28:05 | INFO     | src.strategies.bollinger_bands | BB COMPRA em 2021-06-25 00:00:00: preço=12.95 < banda_inf=13.24
2026-08-16 22:28:05 | INFO     | src.strategies.bollinger_bands | BB VENDA em 2021-08-20 00:00:00: preço=13.40 > banda_sup=13.39
2026-08-16 22:28:05 | INFO     | src.strategies.bollinger_bands | BB VENDA em 2021-10-28 00:00:00: preço=12.76 > banda_sup=12.27
2026-08-16 22:28:05 | INFO     | src.strategies.bollinger_bands | BB COMPRA em 2021-11-26 00:00:00: preço=12.75 < banda_inf=12.76
2026-08-16 22:28:05 | INFO     | src.strategies.bollinger_bands | BB COMPRA em 2022-01-05 00:00:00: preço=11.91 < banda_inf=12.03
2026-08-16 22:28:05 | INFO     | src.strategies.bollinger_bands | BB COMPRA em 2022-03-07 00:00:00: preço=10.66 < banda_inf=10.86
2026-08-16 22:28:05 | INFO     | src.strategies.bollinger_bands | BB VENDA em 2022-03-29 00:00:00: preço=12.11 > banda_sup=11.95
2026-08-16 22:28:05 | INFO     | src.strategies.bollinger_bands | BB COMPRA em 2022-05-03 00:00:00: preço=11.30 < banda_inf=11.36
2026-08-16 22:28:05 | INFO     | src.strategies.bollinger_bands | BB COMPRA em 2022-05-05 00:00:00: preço=10.90 < banda_inf=11.13
2026-08-16 22:28:05 | INFO     | src.strategies.bollinger_bands | BB COMPRA em 2022-06-13 00:00:00: preço=10.58 < banda_inf=10.66
2026-08-16 22:28:05 | INFO     | src.strategies.bollinger_bands | BB VENDA em 2022-07-05 00:00:00: preço=11.18 > banda_sup=11.16
2026-08-16 22:28:05 | INFO     | src.strategies.bollinger_bands | BB VENDA em 2022-07-14 00:00:00: preço=11.78 > banda_sup=11.73
2026-08-16 22:28:05 | INFO     | src.strategies.bollinger_bands | BB VENDA em 2022-08-10 00:00:00: preço=12.03 > banda_sup=12.02
2026-08-16 22:28:05 | INFO     | src.strategies.bollinger_bands | BB VENDA em 2022-08-15 00:00:00: preço=12.24 > banda_sup=12.21
2026-08-16 22:28:05 | INFO     | src.strategies.bollinger_bands | BB VENDA em 2022-08-18 00:00:00: preço=12.70 > banda_sup=12.52
2026-08-16 22:28:05 | INFO     | src.strategies.bollinger_bands | BB VENDA em 2022-10-03 00:00:00: preço=12.94 > banda_sup=12.72
2026-08-16 22:28:05 | INFO     | src.strategies.bollinger_bands | BB VENDA em 2022-11-04 00:00:00: preço=13.06 > banda_sup=12.99
2026-08-16 22:28:05 | INFO     | src.strategies.bollinger_bands | BB VENDA em 2022-11-08 00:00:00: preço=13.29 > banda_sup=13.21
2026-08-16 22:28:05 | INFO     | src.strategies.bollinger_bands | BB COMPRA em 2022-12-12 00:00:00: preço=12.10 < banda_inf=12.10
2026-08-16 22:28:05 | INFO     | src.strategies.bollinger_bands | BB COMPRA em 2022-12-15 00:00:00: preço=11.91 < banda_inf=11.92
2026-08-16 22:28:05 | INFO     | src.strategies.bollinger_bands | BB COMPRA em 2023-01-13 00:00:00: preço=11.60 < banda_inf=11.67
2026-08-16 22:28:05 | INFO     | src.strategies.bollinger_bands | BB VENDA em 2023-03-14 00:00:00: preço=11.66 > banda_sup=11.55
2026-08-16 22:28:05 | INFO     | src.strategies.bollinger_bands | BB VENDA em 2023-03-28 00:00:00: preço=12.19 > banda_sup=12.15
2026-08-16 22:28:05 | INFO     | src.strategies.bollinger_bands | BB COMPRA em 2023-06-01 00:00:00: preço=11.90 < banda_inf=11.94
2026-08-16 22:28:05 | INFO     | src.strategies.bollinger_bands | BB VENDA em 2023-06-09 00:00:00: preço=12.65 > banda_sup=12.54
2026-08-16 22:28:05 | INFO     | src.strategies.bollinger_bands | BB COMPRA em 2023-07-06 00:00:00: preço=12.39 < banda_inf=12.46
2026-08-16 22:28:05 | INFO     | src.strategies.bollinger_bands | BB COMPRA em 2023-07-11 00:00:00: preço=12.23 < banda_inf=12.31
2026-08-16 22:28:05 | INFO     | src.strategies.bollinger_bands | BB COMPRA em 2023-08-31 00:00:00: preço=11.56 < banda_inf=11.62
2026-08-16 22:28:05 | INFO     | src.strategies.bollinger_bands | BB COMPRA em 2023-09-08 00:00:00: preço=11.45 < banda_inf=11.46
2026-08-16 22:28:05 | INFO     | src.strategies.bollinger_bands | BB COMPRA em 2023-10-18 00:00:00: preço=10.47 < banda_inf=10.59
2026-08-16 22:28:05 | INFO     | src.strategies.bollinger_bands | BB VENDA em 2023-12-01 00:00:00: preço=11.77 > banda_sup=11.62
2026-08-16 22:28:05 | INFO     | src.strategies.bollinger_bands | BB VENDA em 2023-12-13 00:00:00: preço=12.28 > banda_sup=12.21
2026-08-16 22:28:05 | INFO     | src.strategies.bollinger_bands | BB COMPRA em 2024-01-16 00:00:00: preço=11.74 < banda_inf=11.81
2026-08-16 22:28:05 | INFO     | src.strategies.bollinger_bands | BB COMPRA em 2024-01-18 00:00:00: preço=11.73 < banda_inf=11.73
2026-08-16 22:28:05 | INFO     | src.strategies.bollinger_bands | BB COMPRA em 2024-01-30 00:00:00: preço=11.47 < banda_inf=11.47
2026-08-16 22:28:05 | INFO     | src.strategies.bollinger_bands | BB VENDA em 2024-02-27 00:00:00: preço=11.70 > banda_sup=11.69
2026-08-16 22:28:05 | INFO     | src.strategies.bollinger_bands | BB COMPRA em 2024-02-29 00:00:00: preço=11.06 < banda_inf=11.08
2026-08-16 22:28:05 | INFO     | src.strategies.bollinger_bands | BB COMPRA em 2024-04-16 00:00:00: preço=10.50 < banda_inf=10.51
2026-08-16 22:28:05 | INFO     | src.strategies.bollinger_bands | BB VENDA em 2024-05-06 00:00:00: preço=10.95 > banda_sup=10.94
2026-08-16 22:28:05 | INFO     | src.strategies.bollinger_bands | BB COMPRA em 2024-05-28 00:00:00: preço=10.19 < banda_inf=10.24
2026-08-16 22:28:05 | INFO     | src.strategies.bollinger_bands | BB VENDA em 2024-07-12 00:00:00: preço=10.23 > banda_sup=10.20
2026-08-16 22:28:05 | INFO     | src.strategies.bollinger_bands | BB VENDA em 2024-08-07 00:00:00: preço=11.00 > banda_sup=10.73
2026-08-16 22:28:05 | INFO     | src.strategies.bollinger_bands | BB VENDA em 2024-08-15 00:00:00: preço=11.46 > banda_sup=11.31
2026-08-16 22:28:05 | INFO     | src.strategies.bollinger_bands | BB COMPRA em 2024-09-13 00:00:00: preço=11.19 < banda_inf=11.20
2026-08-16 22:28:05 | INFO     | src.strategies.bollinger_bands | BB VENDA em 2024-10-01 00:00:00: preço=11.96 > banda_sup=11.76
2026-08-16 22:28:05 | INFO     | src.strategies.bollinger_bands | BB COMPRA em 2024-11-01 00:00:00: preço=11.03 < banda_inf=11.06
2026-08-16 22:28:05 | INFO     | src.strategies.bollinger_bands | BB COMPRA em 2024-11-06 00:00:00: preço=10.99 < banda_inf=11.00
2026-08-16 22:28:05 | INFO     | src.strategies.bollinger_bands | BB COMPRA em 2024-11-08 00:00:00: preço=10.84 < banda_inf=10.91
2026-08-16 22:28:05 | INFO     | src.strategies.bollinger_bands | BB VENDA em 2024-12-02 00:00:00: preço=11.65 > banda_sup=11.41
2026-08-16 22:28:05 | INFO     | src.strategies.bollinger_bands | BB VENDA em 2025-02-26 00:00:00: preço=10.85 > banda_sup=10.58
2026-08-16 22:28:05 | INFO     | src.strategies.bollinger_bands | BB VENDA em 2025-04-29 00:00:00: preço=13.59 > banda_sup=13.55
2026-08-16 22:28:05 | INFO     | src.strategies.bollinger_bands | BB COMPRA em 2025-06-02 00:00:00: preço=13.14 < banda_inf=13.17
2026-08-16 22:28:05 | INFO     | src.strategies.bollinger_bands | BB COMPRA em 2025-06-05 00:00:00: preço=13.11 < banda_inf=13.11
2026-08-16 22:28:05 | INFO     | src.strategies.bollinger_bands | BB COMPRA em 2025-06-13 00:00:00: preço=12.89 < banda_inf=12.92
2026-08-16 22:28:05 | INFO     | src.strategies.bollinger_bands | BB COMPRA em 2025-06-17 00:00:00: preço=12.73 < banda_inf=12.80
2026-08-16 22:28:05 | INFO     | src.strategies.bollinger_bands | BB COMPRA em 2025-06-25 00:00:00: preço=12.43 < banda_inf=12.52
2026-08-16 22:28:05 | INFO     | src.strategies.bollinger_bands | BB COMPRA em 2025-07-28 00:00:00: preço=12.34 < banda_inf=12.39
2026-08-16 22:28:05 | INFO     | src.strategies.bollinger_bands | BB COMPRA em 2025-07-31 00:00:00: preço=11.77 < banda_inf=12.11
2026-08-16 22:28:05 | INFO     | src.strategies.bollinger_bands | BB VENDA em 2025-09-11 00:00:00: preço=11.83 > banda_sup=11.78
2026-08-16 22:28:05 | INFO     | src.strategies.bollinger_bands | BB COMPRA em 2025-10-01 00:00:00: preço=11.33 < banda_inf=11.33
2026-08-16 22:28:05 | INFO     | src.strategies.bollinger_bands | BB VENDA em 2025-10-30 00:00:00: preço=11.90 > banda_sup=11.81
2026-08-16 22:28:05 | INFO     | src.strategies.bollinger_bands | BB VENDA em 2025-11-11 00:00:00: preço=12.84 > banda_sup=12.83
2026-08-16 22:28:05 | INFO     | src.strategies.bollinger_bands | BB VENDA em 2025-12-15 00:00:00: preço=13.49 > banda_sup=13.44
2026-08-16 22:28:05 | INFO     | src.strategies.bollinger_bands | BB VENDA em 2025-12-26 00:00:00: preço=13.68 > banda_sup=13.63
2026-08-16 22:28:05 | INFO     | src.strategies.bollinger_bands | BB VENDA em 2026-01-14 00:00:00: preço=14.16 > banda_sup=14.15
2026-08-16 22:28:05 | INFO     | src.strategies.bollinger_bands | BB VENDA em 2026-01-22 00:00:00: preço=14.55 > banda_sup=14.47
2026-08-16 22:28:05 | INFO     | src.strategies.bollinger_bands | BB VENDA em 2026-02-12 00:00:00: preço=16.47 > banda_sup=16.23
2026-08-16 22:28:05 | INFO     | src.strategies.bollinger_bands | BB VENDA em 2026-04-08 00:00:00: preço=15.82 > banda_sup=15.70
2026-08-16 22:28:05 | INFO     | src.strategies.bollinger_bands | BB VENDA em 2026-05-06 00:00:00: preço=16.90 > banda_sup=16.88
2026-08-16 22:28:05 | INFO     | src.strategies.bollinger_bands | BB VENDA em 2026-06-26 00:00:00: preço=16.73 > banda_sup=16.71
2026-08-16 22:28:05 | INFO     | src.strategies.bollinger_bands | BB COMPRA em 2026-07-06 00:00:00: preço=15.88 < banda_inf=15.89
2026-08-16 22:28:05 | INFO     | src.backtesting.engine | Backtest iniciado: capital=100000.00, 2639 dias, estrategia=Bollinger Bands (20,2.0)
2026-08-16 22:28:05 | INFO     | src.backtesting.engine | Backtest concluído: 100000.00 → 87829.83 (-12.17%) | 49 trades | custos=CostModel
2026-08-16 22:28:05 | INFO     | src.strategies.buy_and_hold | BuyAndHold: entrada em 2016-01-04 00:00:00 a R$ 4.58
2026-08-16 22:28:05 | INFO     | src.backtesting.engine | Backtest iniciado: capital=100000.00, 2639 dias, estrategia=Buy and Hold
2026-08-16 22:28:05 | INFO     | src.backtesting.engine | Backtest concluído: 100000.00 → 1065209.76 (965.21%) | 1 trades | custos=CostModel
2026-08-16 22:28:05 | INFO     | src.strategies.sma_cross | DEATH CROSS em 2017-01-16 00:00:00: fast=4.94 slow=4.94
2026-08-16 22:28:05 | INFO     | src.strategies.sma_cross | GOLDEN CROSS em 2017-02-24 00:00:00: fast=5.05 slow=5.04
2026-08-16 22:28:05 | INFO     | src.strategies.sma_cross | DEATH CROSS em 2018-06-06 00:00:00: fast=7.46 slow=7.46
2026-08-16 22:28:05 | INFO     | src.strategies.sma_cross | GOLDEN CROSS em 2018-09-03 00:00:00: fast=7.59 slow=7.57
2026-08-16 22:28:05 | INFO     | src.strategies.sma_cross | DEATH CROSS em 2021-05-06 00:00:00: fast=32.89 slow=32.98
2026-08-16 22:28:05 | INFO     | src.strategies.sma_cross | GOLDEN CROSS em 2021-09-29 00:00:00: fast=33.10 slow=33.09
2026-08-16 22:28:05 | INFO     | src.strategies.sma_cross | DEATH CROSS em 2021-12-29 00:00:00: fast=31.98 slow=32.09
2026-08-16 22:28:05 | INFO     | src.strategies.sma_cross | GOLDEN CROSS em 2022-09-29 00:00:00: fast=26.76 slow=26.72
2026-08-16 22:28:05 | INFO     | src.strategies.sma_cross | DEATH CROSS em 2023-07-17 00:00:00: fast=34.82 slow=34.88
2026-08-16 22:28:05 | INFO     | src.strategies.sma_cross | GOLDEN CROSS em 2024-04-01 00:00:00: fast=33.28 slow=33.28
2026-08-16 22:28:05 | INFO     | src.strategies.sma_cross | DEATH CROSS em 2025-03-28 00:00:00: fast=48.48 slow=48.53
2026-08-16 22:28:05 | INFO     | src.strategies.sma_cross | GOLDEN CROSS em 2025-12-09 00:00:00: fast=40.18 slow=40.07
2026-08-16 22:28:05 | INFO     | src.strategies.sma_cross | DEATH CROSS em 2026-06-26 00:00:00: fast=44.48 slow=44.51
2026-08-16 22:28:05 | INFO     | src.backtesting.engine | Backtest iniciado: capital=100000.00, 2639 dias, estrategia=SMA Cross (50/200)
2026-08-16 22:28:05 | INFO     | src.backtesting.engine | Backtest concluído: 100000.00 → 598441.74 (498.44%) | 12 trades | custos=CostModel
2026-08-16 22:28:05 | INFO     | src.strategies.bollinger_bands | BB COMPRA em 2016-02-24 00:00:00: preço=4.11 < banda_inf=4.21
2026-08-16 22:28:05 | INFO     | src.strategies.bollinger_bands | BB COMPRA em 2016-02-26 00:00:00: preço=4.04 < banda_inf=4.08
2026-08-16 22:28:05 | INFO     | src.strategies.bollinger_bands | BB VENDA em 2016-04-27 00:00:00: preço=4.80 > banda_sup=4.69
2026-08-16 22:28:05 | INFO     | src.strategies.bollinger_bands | BB COMPRA em 2016-05-31 00:00:00: preço=4.55 < banda_inf=4.55
2026-08-16 22:28:05 | INFO     | src.strategies.bollinger_bands | BB COMPRA em 2016-06-10 00:00:00: preço=4.53 < banda_inf=4.54
2026-08-16 22:28:05 | INFO     | src.strategies.bollinger_bands | BB COMPRA em 2016-06-14 00:00:00: preço=4.42 < banda_inf=4.47
2026-08-16 22:28:05 | INFO     | src.strategies.bollinger_bands | BB VENDA em 2016-07-21 00:00:00: preço=4.64 > banda_sup=4.60
2026-08-16 22:28:05 | INFO     | src.strategies.bollinger_bands | BB VENDA em 2016-07-27 00:00:00: preço=4.82 > banda_sup=4.78
2026-08-16 22:28:05 | INFO     | src.strategies.bollinger_bands | BB VENDA em 2016-08-11 00:00:00: preço=5.45 > banda_sup=5.44
2026-08-16 22:28:05 | INFO     | src.strategies.bollinger_bands | BB VENDA em 2016-09-22 00:00:00: preço=5.58 > banda_sup=5.55
2026-08-16 22:28:05 | INFO     | src.strategies.bollinger_bands | BB VENDA em 2016-09-28 00:00:00: preço=5.64 > banda_sup=5.62
2026-08-16 22:28:05 | INFO     | src.strategies.bollinger_bands | BB COMPRA em 2016-10-28 00:00:00: preço=5.52 < banda_inf=5.52
2026-08-16 22:28:05 | INFO     | src.strategies.bollinger_bands | BB COMPRA em 2016-11-01 00:00:00: preço=5.44 < banda_inf=5.48
2026-08-16 22:28:05 | INFO     | src.strategies.bollinger_bands | BB COMPRA em 2016-11-10 00:00:00: preço=5.27 < banda_inf=5.28
2026-08-16 22:28:05 | INFO     | src.strategies.bollinger_bands | BB COMPRA em 2016-12-01 00:00:00: preço=4.66 < banda_inf=4.78
2026-08-16 22:28:05 | INFO     | src.strategies.bollinger_bands | BB VENDA em 2016-12-29 00:00:00: preço=4.97 > banda_sup=4.92
2026-08-16 22:28:05 | INFO     | src.strategies.bollinger_bands | BB VENDA em 2017-01-03 00:00:00: preço=5.09 > banda_sup=5.00
2026-08-16 22:28:05 | INFO     | src.strategies.bollinger_bands | BB VENDA em 2017-01-26 00:00:00: preço=5.17 > banda_sup=5.13
2026-08-16 22:28:05 | INFO     | src.strategies.bollinger_bands | BB VENDA em 2017-02-15 00:00:00: preço=5.46 > banda_sup=5.41
2026-08-16 22:28:05 | INFO     | src.strategies.bollinger_bands | BB VENDA em 2017-02-21 00:00:00: preço=5.62 > banda_sup=5.54
2026-08-16 22:28:05 | INFO     | src.strategies.bollinger_bands | BB VENDA em 2017-03-01 00:00:00: preço=5.67 > banda_sup=5.65
2026-08-16 22:28:05 | INFO     | src.strategies.bollinger_bands | BB VENDA em 2017-04-26 00:00:00: preço=5.77 > banda_sup=5.77
2026-08-16 22:28:05 | INFO     | src.strategies.bollinger_bands | BB VENDA em 2017-05-02 00:00:00: preço=5.88 > banda_sup=5.85
2026-08-16 22:28:05 | INFO     | src.strategies.bollinger_bands | BB VENDA em 2017-05-10 00:00:00: preço=6.25 > banda_sup=6.23
2026-08-16 22:28:05 | INFO     | src.strategies.bollinger_bands | BB COMPRA em 2017-06-12 00:00:00: preço=5.92 < banda_inf=5.93
2026-08-16 22:28:05 | INFO     | src.strategies.bollinger_bands | BB VENDA em 2017-07-11 00:00:00: preço=6.05 > banda_sup=6.03
2026-08-16 22:28:05 | INFO     | src.strategies.bollinger_bands | BB VENDA em 2017-07-18 00:00:00: preço=6.36 > banda_sup=6.34
2026-08-16 22:28:05 | INFO     | src.strategies.bollinger_bands | BB VENDA em 2017-08-16 00:00:00: preço=6.63 > banda_sup=6.49
2026-08-16 22:28:05 | INFO     | src.strategies.bollinger_bands | BB VENDA em 2017-08-22 00:00:00: preço=6.78 > banda_sup=6.73
2026-08-16 22:28:05 | INFO     | src.strategies.bollinger_bands | BB VENDA em 2017-09-14 00:00:00: preço=7.27 > banda_sup=7.22
2026-08-16 22:28:05 | INFO     | src.strategies.bollinger_bands | BB COMPRA em 2017-10-30 00:00:00: preço=6.87 < banda_inf=6.94
2026-08-16 22:28:05 | INFO     | src.strategies.bollinger_bands | BB VENDA em 2017-11-21 00:00:00: preço=7.56 > banda_sup=7.41
2026-08-16 22:28:05 | INFO     | src.strategies.bollinger_bands | BB VENDA em 2017-12-21 00:00:00: preço=7.92 > banda_sup=7.86
2026-08-16 22:28:05 | INFO     | src.strategies.bollinger_bands | BB VENDA em 2017-12-26 00:00:00: preço=8.08 > banda_sup=8.04
2026-08-16 22:28:05 | INFO     | src.strategies.bollinger_bands | BB VENDA em 2018-01-02 00:00:00: preço=8.18 > banda_sup=8.18
2026-08-16 22:28:05 | INFO     | src.strategies.bollinger_bands | BB COMPRA em 2018-01-31 00:00:00: preço=7.75 < banda_inf=7.76
2026-08-16 22:28:05 | INFO     | src.strategies.bollinger_bands | BB COMPRA em 2018-03-27 00:00:00: preço=7.31 < banda_inf=7.34
2026-08-16 22:28:05 | INFO     | src.strategies.bollinger_bands | BB COMPRA em 2018-04-06 00:00:00: preço=7.16 < banda_inf=7.20
2026-08-16 22:28:05 | INFO     | src.strategies.bollinger_bands | BB VENDA em 2018-04-26 00:00:00: preço=7.66 > banda_sup=7.64
2026-08-16 22:28:05 | INFO     | src.strategies.bollinger_bands | BB VENDA em 2018-05-15 00:00:00: preço=7.96 > banda_sup=7.88
2026-08-16 22:28:05 | INFO     | src.strategies.bollinger_bands | BB VENDA em 2018-07-10 00:00:00: preço=7.29 > banda_sup=7.14
2026-08-16 22:28:05 | INFO     | src.strategies.bollinger_bands | BB VENDA em 2018-07-12 00:00:00: preço=7.31 > banda_sup=7.30
2026-08-16 22:28:05 | INFO     | src.strategies.bollinger_bands | BB VENDA em 2018-07-17 00:00:00: preço=7.80 > banda_sup=7.64
2026-08-16 22:28:05 | INFO     | src.strategies.bollinger_bands | BB COMPRA em 2018-08-10 00:00:00: preço=7.46 < banda_inf=7.51
2026-08-16 22:28:05 | INFO     | src.strategies.bollinger_bands | BB VENDA em 2018-08-29 00:00:00: preço=8.07 > banda_sup=8.05
2026-08-16 22:28:05 | INFO     | src.strategies.bollinger_bands | BB VENDA em 2018-09-06 00:00:00: preço=8.39 > banda_sup=8.37
2026-08-16 22:28:05 | INFO     | src.strategies.bollinger_bands | BB VENDA em 2018-09-27 00:00:00: preço=8.59 > banda_sup=8.58
2026-08-16 22:28:05 | INFO     | src.strategies.bollinger_bands | BB COMPRA em 2018-10-09 00:00:00: preço=7.90 < banda_inf=7.96
2026-08-16 22:28:05 | INFO     | src.strategies.bollinger_bands | BB COMPRA em 2018-10-29 00:00:00: preço=7.55 < banda_inf=7.63
2026-08-16 22:28:05 | INFO     | src.strategies.bollinger_bands | BB COMPRA em 2018-12-10 00:00:00: preço=7.43 < banda_inf=7.47
2026-08-16 22:28:05 | INFO     | src.strategies.bollinger_bands | BB COMPRA em 2018-12-17 00:00:00: preço=7.30 < banda_inf=7.33
2026-08-16 22:28:05 | INFO     | src.strategies.bollinger_bands | BB VENDA em 2019-01-03 00:00:00: preço=7.96 > banda_sup=7.91
2026-08-16 22:28:05 | INFO     | src.strategies.bollinger_bands | BB VENDA em 2019-01-30 00:00:00: preço=8.40 > banda_sup=8.39
2026-08-16 22:28:05 | INFO     | src.strategies.bollinger_bands | BB VENDA em 2019-02-01 00:00:00: preço=8.50 > banda_sup=8.44
2026-08-16 22:28:05 | INFO     | src.strategies.bollinger_bands | BB COMPRA em 2019-03-27 00:00:00: preço=7.60 < banda_inf=7.70
2026-08-16 22:28:05 | INFO     | src.strategies.bollinger_bands | BB VENDA em 2019-06-13 00:00:00: preço=8.72 > banda_sup=8.66
2026-08-16 22:28:05 | INFO     | src.strategies.bollinger_bands | BB VENDA em 2019-06-17 00:00:00: preço=8.85 > banda_sup=8.80
2026-08-16 22:28:05 | INFO     | src.strategies.bollinger_bands | BB VENDA em 2019-07-10 00:00:00: preço=10.34 > banda_sup=10.19
2026-08-16 22:28:05 | INFO     | src.strategies.bollinger_bands | BB COMPRA em 2019-08-26 00:00:00: preço=9.45 < banda_inf=9.51
2026-08-16 22:28:05 | INFO     | src.strategies.bollinger_bands | BB VENDA em 2019-09-13 00:00:00: preço=10.40 > banda_sup=10.34
2026-08-16 22:28:05 | INFO     | src.strategies.bollinger_bands | BB VENDA em 2019-10-23 00:00:00: preço=11.35 > banda_sup=11.15
2026-08-16 22:28:05 | INFO     | src.strategies.bollinger_bands | BB VENDA em 2019-11-07 00:00:00: preço=12.33 > banda_sup=12.18
2026-08-16 22:28:05 | INFO     | src.strategies.bollinger_bands | BB VENDA em 2019-12-04 00:00:00: preço=13.97 > banda_sup=13.78
2026-08-16 22:28:05 | INFO     | src.strategies.bollinger_bands | BB VENDA em 2020-01-17 00:00:00: preço=16.18 > banda_sup=15.98
2026-08-16 22:28:05 | INFO     | src.strategies.bollinger_bands | BB VENDA em 2020-01-22 00:00:00: preço=17.10 > banda_sup=16.80
2026-08-16 22:28:05 | INFO     | src.strategies.bollinger_bands | BB VENDA em 2020-01-28 00:00:00: preço=18.47 > banda_sup=18.45
2026-08-16 22:28:05 | INFO     | src.strategies.bollinger_bands | BB VENDA em 2020-02-13 00:00:00: preço=20.03 > banda_sup=19.95
2026-08-16 22:28:05 | INFO     | src.strategies.bollinger_bands | BB VENDA em 2020-02-19 00:00:00: preço=21.46 > banda_sup=20.90
2026-08-16 22:28:05 | INFO     | src.strategies.bollinger_bands | BB VENDA em 2020-02-21 00:00:00: preço=21.89 > banda_sup=21.69
2026-08-16 22:28:05 | INFO     | src.strategies.bollinger_bands | BB COMPRA em 2020-03-09 00:00:00: preço=17.53 < banda_inf=17.56
2026-08-16 22:28:05 | INFO     | src.strategies.bollinger_bands | BB COMPRA em 2020-03-11 00:00:00: preço=17.29 < banda_inf=17.41
2026-08-16 22:28:05 | INFO     | src.strategies.bollinger_bands | BB VENDA em 2020-05-29 00:00:00: preço=18.47 > banda_sup=18.34
2026-08-16 22:28:05 | INFO     | src.strategies.bollinger_bands | BB VENDA em 2020-06-08 00:00:00: preço=20.22 > banda_sup=20.19
2026-08-16 22:28:05 | INFO     | src.strategies.bollinger_bands | BB VENDA em 2020-06-25 00:00:00: preço=21.73 > banda_sup=21.48
2026-08-16 22:28:05 | INFO     | src.strategies.bollinger_bands | BB VENDA em 2020-06-30 00:00:00: preço=22.36 > banda_sup=22.36
2026-08-16 22:28:05 | INFO     | src.strategies.bollinger_bands | BB VENDA em 2020-07-20 00:00:00: preço=26.58 > banda_sup=26.46
2026-08-16 22:28:05 | INFO     | src.strategies.bollinger_bands | BB VENDA em 2020-07-22 00:00:00: preço=30.13 > banda_sup=27.99
2026-08-16 22:28:05 | INFO     | src.strategies.bollinger_bands | BB VENDA em 2020-07-27 00:00:00: preço=30.96 > banda_sup=30.58
2026-08-16 22:28:05 | INFO     | src.strategies.bollinger_bands | BB COMPRA em 2020-08-31 00:00:00: preço=28.60 < banda_inf=28.79
2026-08-16 22:28:05 | INFO     | src.strategies.bollinger_bands | BB COMPRA em 2020-09-03 00:00:00: preço=28.52 < banda_inf=28.60
2026-08-16 22:28:05 | INFO     | src.strategies.bollinger_bands | BB COMPRA em 2020-09-08 00:00:00: preço=27.89 < banda_inf=28.13
2026-08-16 22:28:05 | INFO     | src.strategies.bollinger_bands | BB COMPRA em 2020-09-10 00:00:00: preço=27.63 < banda_inf=27.72
2026-08-16 22:28:05 | INFO     | src.strategies.bollinger_bands | BB VENDA em 2020-10-01 00:00:00: preço=29.63 > banda_sup=29.39
2026-08-16 22:28:05 | INFO     | src.strategies.bollinger_bands | BB COMPRA em 2020-11-30 00:00:00: preço=32.58 < banda_inf=32.68
2026-08-16 22:28:05 | INFO     | src.strategies.bollinger_bands | BB VENDA em 2021-01-05 00:00:00: preço=35.09 > banda_sup=34.40
2026-08-16 22:28:05 | INFO     | src.strategies.bollinger_bands | BB VENDA em 2021-01-12 00:00:00: preço=39.91 > banda_sup=39.66
2026-08-16 22:28:05 | INFO     | src.strategies.bollinger_bands | BB COMPRA em 2021-02-25 00:00:00: preço=35.45 < banda_inf=35.82
2026-08-16 22:28:05 | INFO     | src.strategies.bollinger_bands | BB COMPRA em 2021-03-04 00:00:00: preço=32.59 < banda_inf=33.13
2026-08-16 22:28:05 | INFO     | src.strategies.bollinger_bands | BB VENDA em 2021-04-05 00:00:00: preço=34.25 > banda_sup=33.91
2026-08-16 22:28:05 | INFO     | src.strategies.bollinger_bands | BB COMPRA em 2021-04-29 00:00:00: preço=31.61 < banda_inf=31.97
2026-08-16 22:28:05 | INFO     | src.strategies.bollinger_bands | BB VENDA em 2021-07-07 00:00:00: preço=32.14 > banda_sup=31.96
2026-08-16 22:28:05 | INFO     | src.strategies.bollinger_bands | BB VENDA em 2021-07-28 00:00:00: preço=33.15 > banda_sup=32.44
2026-08-16 22:28:05 | INFO     | src.strategies.bollinger_bands | BB COMPRA em 2021-08-18 00:00:00: preço=30.06 < banda_inf=30.15
2026-08-16 22:28:05 | INFO     | src.strategies.bollinger_bands | BB VENDA em 2021-09-09 00:00:00: preço=34.77 > banda_sup=34.10
2026-08-16 22:28:05 | INFO     | src.strategies.bollinger_bands | BB COMPRA em 2021-11-26 00:00:00: preço=29.28 < banda_inf=29.48
2026-08-16 22:28:05 | INFO     | src.strategies.bollinger_bands | BB COMPRA em 2022-01-05 00:00:00: preço=27.05 < banda_inf=27.60
2026-08-16 22:28:05 | INFO     | src.strategies.bollinger_bands | BB COMPRA em 2022-01-07 00:00:00: preço=26.36 < banda_inf=26.42
2026-08-16 22:28:05 | INFO     | src.strategies.bollinger_bands | BB VENDA em 2022-02-15 00:00:00: preço=29.47 > banda_sup=29.39
2026-08-16 22:28:05 | INFO     | src.strategies.bollinger_bands | BB VENDA em 2022-03-09 00:00:00: preço=29.49 > banda_sup=29.46
2026-08-16 22:28:05 | INFO     | src.strategies.bollinger_bands | BB VENDA em 2022-04-01 00:00:00: preço=31.97 > banda_sup=31.95
2026-08-16 22:28:05 | INFO     | src.strategies.bollinger_bands | BB COMPRA em 2022-05-06 00:00:00: preço=24.53 < banda_inf=24.54
2026-08-16 22:28:05 | INFO     | src.strategies.bollinger_bands | BB COMPRA em 2022-06-08 00:00:00: preço=22.06 < banda_inf=22.47
2026-08-16 22:28:05 | INFO     | src.strategies.bollinger_bands | BB COMPRA em 2022-06-17 00:00:00: preço=20.63 < banda_inf=20.91
2026-08-16 22:28:05 | INFO     | src.strategies.bollinger_bands | BB COMPRA em 2022-07-21 00:00:00: preço=22.93 < banda_inf=23.05
2026-08-16 22:28:05 | INFO     | src.strategies.bollinger_bands | BB VENDA em 2022-07-28 00:00:00: preço=25.41 > banda_sup=25.24
2026-08-16 22:28:05 | INFO     | src.strategies.bollinger_bands | BB VENDA em 2022-08-08 00:00:00: preço=27.05 > banda_sup=26.93
2026-08-16 22:28:05 | INFO     | src.strategies.bollinger_bands | BB VENDA em 2022-08-10 00:00:00: preço=27.91 > banda_sup=27.79
2026-08-16 22:28:05 | INFO     | src.strategies.bollinger_bands | BB VENDA em 2022-09-12 00:00:00: preço=28.93 > banda_sup=28.92
2026-08-16 22:28:05 | INFO     | src.strategies.bollinger_bands | BB VENDA em 2022-09-30 00:00:00: preço=29.28 > banda_sup=28.93
2026-08-16 22:28:05 | INFO     | src.strategies.bollinger_bands | BB VENDA em 2022-10-26 00:00:00: preço=34.60 > banda_sup=33.84
2026-08-16 22:28:05 | INFO     | src.strategies.bollinger_bands | BB COMPRA em 2022-11-28 00:00:00: preço=34.17 < banda_inf=34.45
2026-08-16 22:28:05 | INFO     | src.strategies.bollinger_bands | BB COMPRA em 2022-12-12 00:00:00: preço=32.86 < banda_inf=32.96
2026-08-16 22:28:05 | INFO     | src.strategies.bollinger_bands | BB VENDA em 2023-02-17 00:00:00: preço=36.15 > banda_sup=35.92
2026-08-16 22:28:05 | INFO     | src.strategies.bollinger_bands | BB VENDA em 2023-03-27 00:00:00: preço=37.85 > banda_sup=37.54
2026-08-16 22:28:05 | INFO     | src.strategies.bollinger_bands | BB COMPRA em 2023-05-30 00:00:00: preço=35.23 < banda_inf=35.36
2026-08-16 22:28:05 | INFO     | src.strategies.bollinger_bands | BB COMPRA em 2023-07-17 00:00:00: preço=32.49 < banda_inf=32.55
2026-08-16 22:28:05 | INFO     | src.strategies.bollinger_bands | BB VENDA em 2023-07-21 00:00:00: preço=35.79 > banda_sup=35.59
2026-08-16 22:28:05 | INFO     | src.strategies.bollinger_bands | BB COMPRA em 2023-08-16 00:00:00: preço=34.74 < banda_inf=35.13
2026-08-16 22:28:05 | INFO     | src.strategies.bollinger_bands | BB COMPRA em 2023-09-21 00:00:00: preço=32.31 < banda_inf=32.36
2026-08-16 22:28:05 | INFO     | src.strategies.bollinger_bands | BB COMPRA em 2023-10-25 00:00:00: preço=29.12 < banda_inf=30.18
2026-08-16 22:28:05 | INFO     | src.strategies.bollinger_bands | BB COMPRA em 2023-10-27 00:00:00: preço=29.27 < banda_inf=29.49
2026-08-16 22:28:05 | INFO     | src.strategies.bollinger_bands | BB VENDA em 2023-12-13 00:00:00: preço=33.37 > banda_sup=33.26
2026-08-16 22:28:05 | INFO     | src.strategies.bollinger_bands | BB COMPRA em 2024-01-11 00:00:00: preço=32.29 < banda_inf=32.34
2026-08-16 22:28:05 | INFO     | src.strategies.bollinger_bands | BB VENDA em 2024-02-20 00:00:00: preço=31.78 > banda_sup=31.69
2026-08-16 22:28:05 | INFO     | src.strategies.bollinger_bands | BB VENDA em 2024-02-23 00:00:00: preço=33.36 > banda_sup=33.29
2026-08-16 22:28:05 | INFO     | src.strategies.bollinger_bands | BB VENDA em 2024-03-21 00:00:00: preço=36.87 > banda_sup=36.66
2026-08-16 22:28:05 | INFO     | src.strategies.bollinger_bands | BB VENDA em 2024-04-26 00:00:00: preço=36.72 > banda_sup=36.56
2026-08-16 22:28:05 | INFO     | src.strategies.bollinger_bands | BB COMPRA em 2024-05-24 00:00:00: preço=35.90 < banda_inf=35.93
2026-08-16 22:28:05 | INFO     | src.strategies.bollinger_bands | BB COMPRA em 2024-05-29 00:00:00: preço=35.33 < banda_inf=35.46
2026-08-16 22:28:05 | INFO     | src.strategies.bollinger_bands | BB VENDA em 2024-06-19 00:00:00: preço=37.28 > banda_sup=37.05
2026-08-16 22:28:05 | INFO     | src.strategies.bollinger_bands | BB VENDA em 2024-06-25 00:00:00: preço=38.92 > banda_sup=38.77
2026-08-16 22:28:05 | INFO     | src.strategies.bollinger_bands | BB VENDA em 2024-07-08 00:00:00: preço=41.70 > banda_sup=41.58
2026-08-16 22:28:05 | INFO     | src.strategies.bollinger_bands | BB VENDA em 2024-07-15 00:00:00: preço=43.61 > banda_sup=43.57
2026-08-16 22:28:05 | INFO     | src.strategies.bollinger_bands | BB VENDA em 2024-07-31 00:00:00: preço=47.51 > banda_sup=46.77
2026-08-16 22:28:05 | INFO     | src.strategies.bollinger_bands | BB VENDA em 2024-09-24 00:00:00: preço=52.14 > banda_sup=51.65
2026-08-16 22:28:05 | INFO     | src.strategies.bollinger_bands | BB VENDA em 2024-10-16 00:00:00: preço=53.90 > banda_sup=53.87
2026-08-16 22:28:05 | INFO     | src.strategies.bollinger_bands | BB COMPRA em 2024-11-25 00:00:00: preço=49.15 < banda_inf=49.61
2026-08-16 22:28:05 | INFO     | src.strategies.bollinger_bands | BB VENDA em 2024-12-10 00:00:00: preço=53.61 > banda_sup=53.51
2026-08-16 22:28:05 | INFO     | src.strategies.bollinger_bands | BB VENDA em 2025-01-22 00:00:00: preço=53.27 > banda_sup=52.98
2026-08-16 22:28:05 | INFO     | src.strategies.bollinger_bands | BB COMPRA em 2025-02-26 00:00:00: preço=45.16 < banda_inf=46.96
2026-08-16 22:28:05 | INFO     | src.strategies.bollinger_bands | BB COMPRA em 2025-03-28 00:00:00: preço=43.62 < banda_inf=43.72
2026-08-16 22:28:05 | INFO     | src.strategies.bollinger_bands | BB VENDA em 2025-04-24 00:00:00: preço=46.23 > banda_sup=45.44
2026-08-16 22:28:05 | INFO     | src.strategies.bollinger_bands | BB COMPRA em 2025-07-08 00:00:00: preço=38.72 < banda_inf=39.00
2026-08-16 22:28:05 | INFO     | src.strategies.bollinger_bands | BB COMPRA em 2025-07-23 00:00:00: preço=36.24 < banda_inf=36.69
2026-08-16 22:28:05 | INFO     | src.strategies.bollinger_bands | BB COMPRA em 2025-10-01 00:00:00: preço=34.39 < banda_inf=34.41
2026-08-16 22:28:05 | INFO     | src.strategies.bollinger_bands | BB COMPRA em 2025-10-06 00:00:00: preço=34.29 < banda_inf=34.34
2026-08-16 22:28:05 | INFO     | src.strategies.bollinger_bands | BB COMPRA em 2025-10-08 00:00:00: preço=34.11 < banda_inf=34.13
2026-08-16 22:28:05 | INFO     | src.strategies.bollinger_bands | BB VENDA em 2025-10-13 00:00:00: preço=36.36 > banda_sup=36.08
2026-08-16 22:28:05 | INFO     | src.strategies.bollinger_bands | BB VENDA em 2025-10-16 00:00:00: preço=36.93 > banda_sup=36.63
2026-08-16 22:28:05 | INFO     | src.strategies.bollinger_bands | BB VENDA em 2025-10-23 00:00:00: preço=39.82 > banda_sup=39.45
2026-08-16 22:28:05 | INFO     | src.strategies.bollinger_bands | BB VENDA em 2025-12-05 00:00:00: preço=45.33 > banda_sup=44.99
2026-08-16 22:28:05 | INFO     | src.strategies.bollinger_bands | BB COMPRA em 2026-01-08 00:00:00: preço=45.50 < banda_inf=46.01
2026-08-16 22:28:05 | INFO     | src.strategies.bollinger_bands | BB VENDA em 2026-01-26 00:00:00: preço=51.38 > banda_sup=50.46
2026-08-16 22:28:05 | INFO     | src.strategies.bollinger_bands | BB COMPRA em 2026-02-26 00:00:00: preço=49.16 < banda_inf=49.49
2026-08-16 22:28:05 | INFO     | src.strategies.bollinger_bands | BB COMPRA em 2026-03-02 00:00:00: preço=48.47 < banda_inf=48.60
2026-08-16 22:28:05 | INFO     | src.strategies.bollinger_bands | BB VENDA em 2026-03-30 00:00:00: preço=48.94 > banda_sup=48.44
2026-08-16 22:28:05 | INFO     | src.strategies.bollinger_bands | BB VENDA em 2026-04-08 00:00:00: preço=52.65 > banda_sup=52.38
2026-08-16 22:28:05 | INFO     | src.strategies.bollinger_bands | BB COMPRA em 2026-04-29 00:00:00: preço=44.00 < banda_inf=45.03
2026-08-16 22:28:05 | INFO     | src.strategies.bollinger_bands | BB VENDA em 2026-06-18 00:00:00: preço=45.70 > banda_sup=44.83
2026-08-16 22:28:05 | INFO     | src.strategies.bollinger_bands | BB VENDA em 2026-06-24 00:00:00: preço=46.61 > banda_sup=46.40
2026-08-16 22:28:05 | INFO     | src.strategies.bollinger_bands | BB COMPRA em 2026-07-16 00:00:00: preço=43.49 < banda_inf=43.72
2026-08-16 22:28:05 | INFO     | src.strategies.bollinger_bands | BB COMPRA em 2026-07-21 00:00:00: preço=42.47 < banda_inf=42.56
2026-08-16 22:28:05 | INFO     | src.strategies.bollinger_bands | BB VENDA em 2026-08-04 00:00:00: preço=49.17 > banda_sup=49.06
2026-08-16 22:28:05 | INFO     | src.backtesting.engine | Backtest iniciado: capital=100000.00, 2639 dias, estrategia=Bollinger Bands (20,2.0)
2026-08-16 22:28:05 | INFO     | src.backtesting.engine | Backtest concluído: 100000.00 → 334112.26 (234.11%) | 60 trades | custos=CostModel
2026-08-16 22:28:05 | INFO     | src.strategies.buy_and_hold | BuyAndHold: entrada em 2016-01-04 00:00:00 a R$ 1.04
2026-08-16 22:28:05 | INFO     | src.backtesting.engine | Backtest iniciado: capital=100000.00, 2639 dias, estrategia=Buy and Hold
2026-08-16 22:28:05 | INFO     | src.backtesting.engine | Backtest concluído: 100000.00 → 1081068.80 (981.07%) | 1 trades | custos=CostModel
2026-08-16 22:28:05 | INFO     | src.strategies.sma_cross | DEATH CROSS em 2017-06-13 00:00:00: fast=1.75 slow=1.76
2026-08-16 22:28:05 | INFO     | src.strategies.sma_cross | GOLDEN CROSS em 2018-03-23 00:00:00: fast=1.63 slow=1.63
2026-08-16 22:28:05 | INFO     | src.strategies.sma_cross | DEATH CROSS em 2019-11-05 00:00:00: fast=3.29 slow=3.29
2026-08-16 22:28:05 | INFO     | src.strategies.sma_cross | GOLDEN CROSS em 2020-02-04 00:00:00: fast=3.33 slow=3.32
2026-08-16 22:28:05 | INFO     | src.strategies.sma_cross | DEATH CROSS em 2020-03-24 00:00:00: fast=3.29 slow=3.30
2026-08-16 22:28:05 | INFO     | src.strategies.sma_cross | GOLDEN CROSS em 2020-11-06 00:00:00: fast=2.73 slow=2.73
2026-08-16 22:28:05 | INFO     | src.strategies.sma_cross | DEATH CROSS em 2023-12-21 00:00:00: fast=6.17 slow=6.19
2026-08-16 22:28:05 | INFO     | src.strategies.sma_cross | GOLDEN CROSS em 2024-02-26 00:00:00: fast=6.32 slow=6.32
2026-08-16 22:28:05 | INFO     | src.strategies.sma_cross | DEATH CROSS em 2025-04-23 00:00:00: fast=8.81 slow=8.81
2026-08-16 22:28:05 | INFO     | src.strategies.sma_cross | GOLDEN CROSS em 2025-06-17 00:00:00: fast=8.99 slow=8.99
2026-08-16 22:28:05 | INFO     | src.strategies.sma_cross | DEATH CROSS em 2026-07-20 00:00:00: fast=10.88 slow=10.89
2026-08-16 22:28:05 | INFO     | src.backtesting.engine | Backtest iniciado: capital=100000.00, 2639 dias, estrategia=SMA Cross (50/200)
2026-08-16 22:28:05 | INFO     | src.backtesting.engine | Backtest concluído: 100000.00 → 308124.18 (208.12%) | 10 trades | custos=CostModel
2026-08-16 22:28:05 | INFO     | src.strategies.bollinger_bands | BB VENDA em 2016-03-03 00:00:00: preço=1.29 > banda_sup=1.23
2026-08-16 22:28:05 | INFO     | src.strategies.bollinger_bands | BB VENDA em 2016-03-11 00:00:00: preço=1.42 > banda_sup=1.40
2026-08-16 22:28:05 | INFO     | src.strategies.bollinger_bands | BB COMPRA em 2016-05-18 00:00:00: preço=1.07 < banda_inf=1.09
2026-08-16 22:28:05 | INFO     | src.strategies.bollinger_bands | BB VENDA em 2016-06-22 00:00:00: preço=1.22 > banda_sup=1.19
2026-08-16 22:28:05 | INFO     | src.strategies.bollinger_bands | BB VENDA em 2016-06-28 00:00:00: preço=1.31 > banda_sup=1.30
2026-08-16 22:28:05 | INFO     | src.strategies.bollinger_bands | BB VENDA em 2016-07-04 00:00:00: preço=1.48 > banda_sup=1.47
2026-08-16 22:28:05 | INFO     | src.strategies.bollinger_bands | BB VENDA em 2016-08-04 00:00:00: preço=1.87 > banda_sup=1.87
2026-08-16 22:28:05 | INFO     | src.strategies.bollinger_bands | BB COMPRA em 2016-09-13 00:00:00: preço=1.62 < banda_inf=1.63
2026-08-16 22:28:05 | INFO     | src.strategies.bollinger_bands | BB VENDA em 2016-10-26 00:00:00: preço=1.79 > banda_sup=1.78
2026-08-16 22:28:05 | INFO     | src.strategies.bollinger_bands | BB COMPRA em 2016-11-10 00:00:00: preço=1.60 < banda_inf=1.63
2026-08-16 22:28:05 | INFO     | src.strategies.bollinger_bands | BB VENDA em 2016-12-28 00:00:00: preço=1.52 > banda_sup=1.50
2026-08-16 22:28:05 | INFO     | src.strategies.bollinger_bands | BB VENDA em 2017-01-12 00:00:00: preço=1.74 > banda_sup=1.67
2026-08-16 22:28:05 | INFO     | src.strategies.bollinger_bands | BB VENDA em 2017-01-17 00:00:00: preço=1.78 > banda_sup=1.77
2026-08-16 22:28:05 | INFO     | src.strategies.bollinger_bands | BB VENDA em 2017-02-15 00:00:00: preço=2.02 > banda_sup=1.95
2026-08-16 22:28:05 | INFO     | src.strategies.bollinger_bands | BB COMPRA em 2017-03-21 00:00:00: preço=2.03 < banda_inf=2.07
2026-08-16 22:28:05 | INFO     | src.strategies.bollinger_bands | BB COMPRA em 2017-04-27 00:00:00: preço=1.73 < banda_inf=1.75
2026-08-16 22:28:05 | INFO     | src.strategies.bollinger_bands | BB COMPRA em 2017-05-18 00:00:00: preço=1.43 < banda_inf=1.61
2026-08-16 22:28:05 | INFO     | src.strategies.bollinger_bands | BB VENDA em 2017-06-28 00:00:00: preço=1.69 > banda_sup=1.66
2026-08-16 22:28:05 | INFO     | src.strategies.bollinger_bands | BB VENDA em 2017-07-06 00:00:00: preço=1.75 > banda_sup=1.74
2026-08-16 22:28:05 | INFO     | src.strategies.bollinger_bands | BB COMPRA em 2017-08-10 00:00:00: preço=1.68 < banda_inf=1.69
2026-08-16 22:28:05 | INFO     | src.strategies.bollinger_bands | BB VENDA em 2017-09-12 00:00:00: preço=1.85 > banda_sup=1.84
2026-08-16 22:28:05 | INFO     | src.strategies.bollinger_bands | BB VENDA em 2017-09-18 00:00:00: preço=1.87 > banda_sup=1.86
2026-08-16 22:28:05 | INFO     | src.strategies.bollinger_bands | BB COMPRA em 2017-09-26 00:00:00: preço=1.65 < banda_inf=1.66
2026-08-16 22:28:05 | INFO     | src.strategies.bollinger_bands | BB COMPRA em 2017-10-30 00:00:00: preço=1.65 < banda_inf=1.65
2026-08-16 22:28:05 | INFO     | src.strategies.bollinger_bands | BB COMPRA em 2017-12-14 00:00:00: preço=1.35 < banda_inf=1.35
2026-08-16 22:28:05 | INFO     | src.strategies.bollinger_bands | BB COMPRA em 2018-01-22 00:00:00: preço=1.38 < banda_inf=1.38
2026-08-16 22:28:05 | INFO     | src.strategies.bollinger_bands | BB VENDA em 2018-01-26 00:00:00: preço=1.57 > banda_sup=1.52
2026-08-16 22:28:05 | INFO     | src.strategies.bollinger_bands | BB VENDA em 2018-02-26 00:00:00: preço=1.78 > banda_sup=1.77
2026-08-16 22:28:05 | INFO     | src.strategies.bollinger_bands | BB VENDA em 2018-05-22 00:00:00: preço=1.83 > banda_sup=1.82
2026-08-16 22:28:05 | INFO     | src.strategies.bollinger_bands | BB COMPRA em 2018-05-28 00:00:00: preço=1.64 < banda_inf=1.67
2026-08-16 22:28:05 | INFO     | src.strategies.bollinger_bands | BB COMPRA em 2018-06-06 00:00:00: preço=1.57 < banda_inf=1.60
2026-08-16 22:28:05 | INFO     | src.strategies.bollinger_bands | BB VENDA em 2018-07-04 00:00:00: preço=1.70 > banda_sup=1.70
2026-08-16 22:28:05 | INFO     | src.strategies.bollinger_bands | BB VENDA em 2018-07-25 00:00:00: preço=1.88 > banda_sup=1.88
2026-08-16 22:28:05 | INFO     | src.strategies.bollinger_bands | BB COMPRA em 2018-08-21 00:00:00: preço=1.72 < banda_inf=1.73
2026-08-16 22:28:05 | INFO     | src.strategies.bollinger_bands | BB COMPRA em 2018-08-23 00:00:00: preço=1.67 < banda_inf=1.69
2026-08-16 22:28:06 | INFO     | src.strategies.bollinger_bands | BB VENDA em 2018-10-02 00:00:00: preço=1.69 > banda_sup=1.68
2026-08-16 22:28:06 | INFO     | src.strategies.bollinger_bands | BB VENDA em 2018-11-22 00:00:00: preço=2.74 > banda_sup=2.73
2026-08-16 22:28:06 | INFO     | src.strategies.bollinger_bands | BB VENDA em 2018-12-19 00:00:00: preço=2.92 > banda_sup=2.91
2026-08-16 22:28:06 | INFO     | src.strategies.bollinger_bands | BB VENDA em 2018-12-28 00:00:00: preço=3.14 > banda_sup=3.10
2026-08-16 22:28:06 | INFO     | src.strategies.bollinger_bands | BB COMPRA em 2019-02-06 00:00:00: preço=2.98 < banda_inf=3.02
2026-08-16 22:28:06 | INFO     | src.strategies.bollinger_bands | BB VENDA em 2019-02-27 00:00:00: preço=3.33 > banda_sup=3.31
2026-08-16 22:28:06 | INFO     | src.strategies.bollinger_bands | BB COMPRA em 2019-03-27 00:00:00: preço=3.01 < banda_inf=3.05
2026-08-16 22:28:06 | INFO     | src.strategies.bollinger_bands | BB COMPRA em 2019-05-13 00:00:00: preço=3.10 < banda_inf=3.11
2026-08-16 22:28:06 | INFO     | src.strategies.bollinger_bands | BB COMPRA em 2019-05-15 00:00:00: preço=3.06 < banda_inf=3.08
2026-08-16 22:28:06 | INFO     | src.strategies.bollinger_bands | BB VENDA em 2019-07-10 00:00:00: preço=3.60 > banda_sup=3.58
2026-08-16 22:28:06 | INFO     | src.strategies.bollinger_bands | BB COMPRA em 2019-07-25 00:00:00: preço=3.29 < banda_inf=3.31
2026-08-16 22:28:06 | INFO     | src.strategies.bollinger_bands | BB VENDA em 2019-08-21 00:00:00: preço=3.60 > banda_sup=3.54
2026-08-16 22:28:06 | INFO     | src.strategies.bollinger_bands | BB COMPRA em 2019-09-25 00:00:00: preço=3.25 < banda_inf=3.26
2026-08-16 22:28:06 | INFO     | src.strategies.bollinger_bands | BB COMPRA em 2019-10-25 00:00:00: preço=3.08 < banda_inf=3.10
2026-08-16 22:28:06 | INFO     | src.strategies.bollinger_bands | BB COMPRA em 2019-11-18 00:00:00: preço=2.95 < banda_inf=2.96
2026-08-16 22:28:06 | INFO     | src.strategies.bollinger_bands | BB VENDA em 2019-12-16 00:00:00: preço=3.14 > banda_sup=3.11
2026-08-16 22:28:06 | INFO     | src.strategies.bollinger_bands | BB VENDA em 2019-12-26 00:00:00: preço=3.27 > banda_sup=3.26
2026-08-16 22:28:06 | INFO     | src.strategies.bollinger_bands | BB VENDA em 2020-01-07 00:00:00: preço=3.45 > banda_sup=3.43
2026-08-16 22:28:06 | INFO     | src.strategies.bollinger_bands | BB VENDA em 2020-01-13 00:00:00: preço=3.67 > banda_sup=3.64
2026-08-16 22:28:06 | INFO     | src.strategies.bollinger_bands | BB VENDA em 2020-02-05 00:00:00: preço=3.81 > banda_sup=3.79
2026-08-16 22:28:06 | INFO     | src.strategies.bollinger_bands | BB COMPRA em 2020-02-10 00:00:00: preço=3.49 < banda_inf=3.53
2026-08-16 22:28:06 | INFO     | src.strategies.bollinger_bands | BB COMPRA em 2020-02-26 00:00:00: preço=3.31 < banda_inf=3.39
2026-08-16 22:28:06 | INFO     | src.strategies.bollinger_bands | BB COMPRA em 2020-03-09 00:00:00: preço=2.94 < banda_inf=3.12
2026-08-16 22:28:06 | INFO     | src.strategies.bollinger_bands | BB COMPRA em 2020-03-16 00:00:00: preço=2.23 < banda_inf=2.29
2026-08-16 22:28:06 | INFO     | src.strategies.bollinger_bands | BB VENDA em 2020-05-26 00:00:00: preço=2.50 > banda_sup=2.47
2026-08-16 22:28:06 | INFO     | src.strategies.bollinger_bands | BB VENDA em 2020-07-22 00:00:00: preço=2.96 > banda_sup=2.88
2026-08-16 22:28:06 | INFO     | src.strategies.bollinger_bands | BB VENDA em 2020-07-27 00:00:00: preço=2.95 > banda_sup=2.95
2026-08-16 22:28:06 | INFO     | src.strategies.bollinger_bands | BB COMPRA em 2020-08-13 00:00:00: preço=2.65 < banda_inf=2.67
2026-08-16 22:28:06 | INFO     | src.strategies.bollinger_bands | BB COMPRA em 2020-09-28 00:00:00: preço=2.61 < banda_inf=2.61
2026-08-16 22:28:06 | INFO     | src.strategies.bollinger_bands | BB VENDA em 2020-11-09 00:00:00: preço=2.93 > banda_sup=2.92
2026-08-16 22:28:06 | INFO     | src.strategies.bollinger_bands | BB VENDA em 2020-12-28 00:00:00: preço=3.72 > banda_sup=3.70
2026-08-16 22:28:06 | INFO     | src.strategies.bollinger_bands | BB VENDA em 2021-01-08 00:00:00: preço=3.98 > banda_sup=3.92
2026-08-16 22:28:06 | INFO     | src.strategies.bollinger_bands | BB COMPRA em 2021-02-18 00:00:00: preço=3.37 < banda_inf=3.41
2026-08-16 22:28:06 | INFO     | src.strategies.bollinger_bands | BB VENDA em 2021-03-29 00:00:00: preço=3.34 > banda_sup=3.34
2026-08-16 22:28:06 | INFO     | src.strategies.bollinger_bands | BB VENDA em 2021-04-20 00:00:00: preço=3.53 > banda_sup=3.48
2026-08-16 22:28:06 | INFO     | src.strategies.bollinger_bands | BB VENDA em 2021-04-28 00:00:00: preço=3.69 > banda_sup=3.61
2026-08-16 22:28:06 | INFO     | src.strategies.bollinger_bands | BB VENDA em 2021-05-18 00:00:00: preço=3.85 > banda_sup=3.82
2026-08-16 22:28:06 | INFO     | src.strategies.bollinger_bands | BB VENDA em 2021-05-24 00:00:00: preço=4.09 > banda_sup=4.08
2026-08-16 22:28:06 | INFO     | src.strategies.bollinger_bands | BB COMPRA em 2021-06-21 00:00:00: preço=3.98 < banda_inf=4.00
2026-08-16 22:28:06 | INFO     | src.strategies.bollinger_bands | BB COMPRA em 2021-06-25 00:00:00: preço=3.82 < banda_inf=3.82
2026-08-16 22:28:06 | INFO     | src.strategies.bollinger_bands | BB VENDA em 2021-07-28 00:00:00: preço=3.77 > banda_sup=3.77
2026-08-16 22:28:06 | INFO     | src.strategies.bollinger_bands | BB COMPRA em 2021-08-05 00:00:00: preço=3.54 < banda_inf=3.55
2026-08-16 22:28:06 | INFO     | src.strategies.bollinger_bands | BB VENDA em 2021-08-20 00:00:00: preço=3.81 > banda_sup=3.80
2026-08-16 22:28:06 | INFO     | src.strategies.bollinger_bands | BB VENDA em 2021-08-24 00:00:00: preço=3.97 > banda_sup=3.89
2026-08-16 22:28:06 | INFO     | src.strategies.bollinger_bands | BB VENDA em 2021-09-01 00:00:00: preço=4.26 > banda_sup=4.25
2026-08-16 22:28:06 | INFO     | src.strategies.bollinger_bands | BB VENDA em 2021-09-27 00:00:00: preço=4.41 > banda_sup=4.38
2026-08-16 22:28:06 | INFO     | src.strategies.bollinger_bands | BB VENDA em 2021-10-11 00:00:00: preço=4.44 > banda_sup=4.42
2026-08-16 22:28:06 | INFO     | src.strategies.bollinger_bands | BB COMPRA em 2022-01-03 00:00:00: preço=4.09 < banda_inf=4.10
2026-08-16 22:28:06 | INFO     | src.strategies.bollinger_bands | BB COMPRA em 2022-01-05 00:00:00: preço=3.96 < banda_inf=4.03
2026-08-16 22:28:06 | INFO     | src.strategies.bollinger_bands | BB COMPRA em 2022-03-07 00:00:00: preço=3.90 < banda_inf=3.93
2026-08-16 22:28:06 | INFO     | src.strategies.bollinger_bands | BB VENDA em 2022-03-17 00:00:00: preço=4.30 > banda_sup=4.27
2026-08-16 22:28:06 | INFO     | src.strategies.bollinger_bands | BB COMPRA em 2022-05-03 00:00:00: preço=4.78 < banda_inf=4.81
2026-08-16 22:28:06 | INFO     | src.strategies.bollinger_bands | BB COMPRA em 2022-05-05 00:00:00: preço=4.70 < banda_inf=4.73
2026-08-16 22:28:06 | INFO     | src.strategies.bollinger_bands | BB VENDA em 2022-05-23 00:00:00: preço=5.36 > banda_sup=5.32
2026-08-16 22:28:06 | INFO     | src.strategies.bollinger_bands | BB COMPRA em 2022-07-05 00:00:00: preço=4.72 < banda_inf=4.73
2026-08-16 22:28:06 | INFO     | src.strategies.bollinger_bands | BB VENDA em 2022-07-25 00:00:00: preço=5.04 > banda_sup=5.01
2026-08-16 22:28:06 | INFO     | src.strategies.bollinger_bands | BB VENDA em 2022-07-27 00:00:00: preço=5.25 > banda_sup=5.12
2026-08-16 22:28:06 | INFO     | src.strategies.bollinger_bands | BB VENDA em 2022-08-04 00:00:00: preço=5.44 > banda_sup=5.43
2026-08-16 22:28:06 | INFO     | src.strategies.bollinger_bands | BB VENDA em 2022-08-09 00:00:00: preço=5.68 > banda_sup=5.66
2026-08-16 22:28:06 | INFO     | src.strategies.bollinger_bands | BB VENDA em 2022-08-17 00:00:00: preço=6.08 > banda_sup=6.06
2026-08-16 22:28:06 | INFO     | src.strategies.bollinger_bands | BB COMPRA em 2022-09-27 00:00:00: preço=5.14 < banda_inf=5.23
2026-08-16 22:28:06 | INFO     | src.strategies.bollinger_bands | BB COMPRA em 2022-11-16 00:00:00: preço=4.98 < banda_inf=4.98
2026-08-16 22:28:06 | INFO     | src.strategies.bollinger_bands | BB VENDA em 2023-01-11 00:00:00: preço=5.76 > banda_sup=5.68
2026-08-16 22:28:06 | INFO     | src.strategies.bollinger_bands | BB COMPRA em 2023-02-07 00:00:00: preço=5.41 < banda_inf=5.42
2026-08-16 22:28:06 | INFO     | src.strategies.bollinger_bands | BB COMPRA em 2023-02-09 00:00:00: preço=5.36 < banda_inf=5.37
2026-08-16 22:28:06 | INFO     | src.strategies.bollinger_bands | BB VENDA em 2023-03-28 00:00:00: preço=5.49 > banda_sup=5.44
2026-08-16 22:28:06 | INFO     | src.strategies.bollinger_bands | BB COMPRA em 2023-05-31 00:00:00: preço=5.93 < banda_inf=5.94
2026-08-16 22:28:06 | INFO     | src.strategies.bollinger_bands | BB VENDA em 2023-06-09 00:00:00: preço=6.36 > banda_sup=6.30
2026-08-16 22:28:06 | INFO     | src.strategies.bollinger_bands | BB VENDA em 2023-06-14 00:00:00: preço=6.46 > banda_sup=6.45
2026-08-16 22:28:06 | INFO     | src.strategies.bollinger_bands | BB COMPRA em 2023-08-04 00:00:00: preço=6.27 < banda_inf=6.32
2026-08-16 22:28:06 | INFO     | src.strategies.bollinger_bands | BB VENDA em 2023-08-30 00:00:00: preço=6.49 > banda_sup=6.47
2026-08-16 22:28:06 | INFO     | src.strategies.bollinger_bands | BB VENDA em 2023-09-15 00:00:00: preço=6.59 > banda_sup=6.57
2026-08-16 22:28:06 | INFO     | src.strategies.bollinger_bands | BB VENDA em 2023-09-19 00:00:00: preço=6.64 > banda_sup=6.63
2026-08-16 22:28:06 | INFO     | src.strategies.bollinger_bands | BB COMPRA em 2023-10-18 00:00:00: preço=6.10 < banda_inf=6.15
2026-08-16 22:28:06 | INFO     | src.strategies.bollinger_bands | BB VENDA em 2023-11-16 00:00:00: preço=7.01 > banda_sup=6.99
2026-08-16 22:28:06 | INFO     | src.strategies.bollinger_bands | BB COMPRA em 2023-11-23 00:00:00: preço=5.74 < banda_inf=5.80
2026-08-16 22:28:06 | INFO     | src.strategies.bollinger_bands | BB VENDA em 2023-12-19 00:00:00: preço=6.10 > banda_sup=6.09
2026-08-16 22:28:06 | INFO     | src.strategies.bollinger_bands | BB VENDA em 2023-12-28 00:00:00: preço=6.33 > banda_sup=6.30
2026-08-16 22:28:06 | INFO     | src.strategies.bollinger_bands | BB VENDA em 2024-02-19 00:00:00: preço=6.55 > banda_sup=6.52
2026-08-16 22:28:06 | INFO     | src.strategies.bollinger_bands | BB COMPRA em 2024-03-14 00:00:00: preço=6.12 < banda_inf=6.26
2026-08-16 22:28:06 | INFO     | src.strategies.bollinger_bands | BB VENDA em 2024-03-27 00:00:00: preço=7.04 > banda_sup=7.00
2026-08-16 22:28:06 | INFO     | src.strategies.bollinger_bands | BB VENDA em 2024-05-02 00:00:00: preço=7.70 > banda_sup=7.54
2026-08-16 22:28:06 | INFO     | src.strategies.bollinger_bands | BB COMPRA em 2024-05-31 00:00:00: preço=7.37 < banda_inf=7.41
2026-08-16 22:28:06 | INFO     | src.strategies.bollinger_bands | BB VENDA em 2024-06-21 00:00:00: preço=7.78 > banda_sup=7.78
2026-08-16 22:28:06 | INFO     | src.strategies.bollinger_bands | BB VENDA em 2024-07-17 00:00:00: preço=8.40 > banda_sup=8.30
2026-08-16 22:28:06 | INFO     | src.strategies.bollinger_bands | BB VENDA em 2024-08-14 00:00:00: preço=8.99 > banda_sup=8.60
2026-08-16 22:28:06 | INFO     | src.strategies.bollinger_bands | BB VENDA em 2024-08-19 00:00:00: preço=8.90 > banda_sup=8.87
2026-08-16 22:28:06 | INFO     | src.strategies.bollinger_bands | BB COMPRA em 2024-10-04 00:00:00: preço=8.87 < banda_inf=8.89
2026-08-16 22:28:06 | INFO     | src.strategies.bollinger_bands | BB COMPRA em 2024-10-09 00:00:00: preço=8.78 < banda_inf=8.80
2026-08-16 22:28:06 | INFO     | src.strategies.bollinger_bands | BB VENDA em 2024-10-29 00:00:00: preço=9.04 > banda_sup=9.04
2026-08-16 22:28:06 | INFO     | src.strategies.bollinger_bands | BB VENDA em 2024-11-04 00:00:00: preço=9.24 > banda_sup=9.15
2026-08-16 22:28:06 | INFO     | src.strategies.bollinger_bands | BB VENDA em 2024-11-14 00:00:00: preço=9.61 > banda_sup=9.42
2026-08-16 22:28:06 | INFO     | src.strategies.bollinger_bands | BB VENDA em 2024-11-19 00:00:00: preço=9.50 > banda_sup=9.50
2026-08-16 22:28:06 | INFO     | src.strategies.bollinger_bands | BB COMPRA em 2024-12-18 00:00:00: preço=8.87 < banda_inf=8.90
2026-08-16 22:28:06 | INFO     | src.strategies.bollinger_bands | BB COMPRA em 2025-01-10 00:00:00: preço=8.48 < banda_inf=8.54
2026-08-16 22:28:06 | INFO     | src.strategies.bollinger_bands | BB COMPRA em 2025-01-16 00:00:00: preço=8.32 < banda_inf=8.33
2026-08-16 22:28:06 | INFO     | src.strategies.bollinger_bands | BB VENDA em 2025-02-03 00:00:00: preço=9.06 > banda_sup=9.02
2026-08-16 22:28:06 | INFO     | src.strategies.bollinger_bands | BB COMPRA em 2025-03-14 00:00:00: preço=8.89 < banda_inf=8.92
2026-08-16 22:28:06 | INFO     | src.strategies.bollinger_bands | BB VENDA em 2025-03-19 00:00:00: preço=9.30 > banda_sup=9.29
2026-08-16 22:28:06 | INFO     | src.strategies.bollinger_bands | BB COMPRA em 2025-03-21 00:00:00: preço=8.74 < banda_inf=8.84
2026-08-16 22:28:06 | INFO     | src.strategies.bollinger_bands | BB VENDA em 2025-04-24 00:00:00: preço=8.77 > banda_sup=8.72
2026-08-16 22:28:06 | INFO     | src.strategies.bollinger_bands | BB VENDA em 2025-05-27 00:00:00: preço=9.60 > banda_sup=9.54
2026-08-16 22:28:06 | INFO     | src.strategies.bollinger_bands | BB VENDA em 2025-06-30 00:00:00: preço=9.66 > banda_sup=9.62
2026-08-16 22:28:06 | INFO     | src.strategies.bollinger_bands | BB VENDA em 2025-07-03 00:00:00: preço=9.88 > banda_sup=9.86
2026-08-16 22:28:06 | INFO     | src.strategies.bollinger_bands | BB VENDA em 2025-08-12 00:00:00: preço=9.76 > banda_sup=9.65
2026-08-16 22:28:06 | INFO     | src.strategies.bollinger_bands | BB VENDA em 2025-09-17 00:00:00: preço=10.19 > banda_sup=10.15
2026-08-16 22:28:06 | INFO     | src.strategies.bollinger_bands | BB COMPRA em 2025-10-09 00:00:00: preço=9.61 < banda_inf=9.61
2026-08-16 22:28:06 | INFO     | src.strategies.bollinger_bands | BB VENDA em 2025-10-28 00:00:00: preço=10.09 > banda_sup=10.02
2026-08-16 22:28:06 | INFO     | src.strategies.bollinger_bands | BB VENDA em 2025-11-11 00:00:00: preço=11.06 > banda_sup=11.01
2026-08-16 22:28:06 | INFO     | src.strategies.bollinger_bands | BB VENDA em 2026-01-22 00:00:00: preço=10.82 > banda_sup=10.75
2026-08-16 22:28:06 | INFO     | src.strategies.bollinger_bands | BB VENDA em 2026-02-24 00:00:00: preço=11.48 > banda_sup=11.43
2026-08-16 22:28:06 | INFO     | src.strategies.bollinger_bands | BB VENDA em 2026-03-25 00:00:00: preço=11.98 > banda_sup=11.89
2026-08-16 22:28:06 | INFO     | src.strategies.bollinger_bands | BB VENDA em 2026-04-08 00:00:00: preço=12.80 > banda_sup=12.75
2026-08-16 22:28:06 | INFO     | src.strategies.bollinger_bands | BB VENDA em 2026-06-26 00:00:00: preço=10.96 > banda_sup=10.89
2026-08-16 22:28:06 | INFO     | src.strategies.bollinger_bands | BB VENDA em 2026-07-10 00:00:00: preço=11.38 > banda_sup=11.28
2026-08-16 22:28:06 | INFO     | src.backtesting.engine | Backtest iniciado: capital=100000.00, 2639 dias, estrategia=Bollinger Bands (20,2.0)
2026-08-16 22:28:06 | INFO     | src.backtesting.engine | Backtest concluído: 100000.00 → 327801.52 (227.80%) | 66 trades | custos=CostModel
2026-08-16 22:28:06 | INFO     | src.strategies.buy_and_hold | BuyAndHold: entrada em 2016-01-04 00:00:00 a R$ 5.55
2026-08-16 22:28:06 | INFO     | src.backtesting.engine | Backtest iniciado: capital=100000.00, 2639 dias, estrategia=Buy and Hold
2026-08-16 22:28:06 | INFO     | src.backtesting.engine | Backtest concluído: 100000.00 → 705682.59 (605.68%) | 1 trades | custos=CostModel
2026-08-16 22:28:06 | INFO     | src.strategies.sma_cross | DEATH CROSS em 2016-12-29 00:00:00: fast=8.68 slow=8.71
2026-08-16 22:28:06 | INFO     | src.strategies.sma_cross | GOLDEN CROSS em 2017-03-02 00:00:00: fast=9.04 slow=9.03
2026-08-16 22:28:06 | INFO     | src.strategies.sma_cross | DEATH CROSS em 2018-07-31 00:00:00: fast=18.78 slow=18.81
2026-08-16 22:28:06 | INFO     | src.strategies.sma_cross | GOLDEN CROSS em 2018-11-26 00:00:00: fast=19.74 slow=19.74
2026-08-16 22:28:06 | INFO     | src.strategies.sma_cross | DEATH CROSS em 2020-04-08 00:00:00: fast=35.30 slow=35.56
2026-08-16 22:28:06 | INFO     | src.strategies.sma_cross | GOLDEN CROSS em 2020-07-27 00:00:00: fast=34.53 slow=34.51
2026-08-16 22:28:06 | INFO     | src.strategies.sma_cross | DEATH CROSS em 2021-08-17 00:00:00: fast=53.54 slow=53.56
2026-08-16 22:28:06 | INFO     | src.strategies.sma_cross | GOLDEN CROSS em 2022-03-30 00:00:00: fast=47.95 slow=47.88
2026-08-16 22:28:06 | INFO     | src.strategies.sma_cross | DEATH CROSS em 2022-06-23 00:00:00: fast=46.23 slow=46.28
2026-08-16 22:28:06 | INFO     | src.strategies.sma_cross | GOLDEN CROSS em 2022-08-04 00:00:00: fast=46.25 slow=46.22
2026-08-16 22:28:06 | INFO     | src.strategies.sma_cross | DEATH CROSS em 2023-01-11 00:00:00: fast=49.95 slow=50.04
2026-08-16 22:28:06 | INFO     | src.strategies.sma_cross | GOLDEN CROSS em 2023-06-06 00:00:00: fast=51.27 slow=51.14
2026-08-16 22:28:06 | INFO     | src.strategies.sma_cross | DEATH CROSS em 2023-10-23 00:00:00: fast=52.36 slow=52.60
2026-08-16 22:28:06 | INFO     | src.strategies.sma_cross | GOLDEN CROSS em 2024-01-19 00:00:00: fast=54.06 slow=54.05
2026-08-16 22:28:06 | INFO     | src.strategies.sma_cross | DEATH CROSS em 2024-01-30 00:00:00: fast=54.17 slow=54.21
2026-08-16 22:28:06 | INFO     | src.strategies.sma_cross | GOLDEN CROSS em 2025-05-19 00:00:00: fast=34.96 slow=34.93
2026-08-16 22:28:06 | INFO     | src.strategies.sma_cross | DEATH CROSS em 2026-07-02 00:00:00: fast=42.92 slow=43.04
2026-08-16 22:28:06 | INFO     | src.backtesting.engine | Backtest iniciado: capital=100000.00, 2639 dias, estrategia=SMA Cross (50/200)
2026-08-16 22:28:06 | INFO     | src.backtesting.engine | Backtest concluído: 100000.00 → 164465.86 (64.47%) | 16 trades | custos=CostModel
2026-08-16 22:28:06 | INFO     | src.strategies.bollinger_bands | BB VENDA em 2016-02-22 00:00:00: preço=5.52 > banda_sup=5.48
2026-08-16 22:28:06 | INFO     | src.strategies.bollinger_bands | BB VENDA em 2016-03-01 00:00:00: preço=5.68 > banda_sup=5.65
2026-08-16 22:28:06 | INFO     | src.strategies.bollinger_bands | BB VENDA em 2016-04-05 00:00:00: preço=7.45 > banda_sup=7.45
2026-08-16 22:28:06 | INFO     | src.strategies.bollinger_bands | BB VENDA em 2016-05-10 00:00:00: preço=8.65 > banda_sup=8.59
2026-08-16 22:28:06 | INFO     | src.strategies.bollinger_bands | BB VENDA em 2016-06-20 00:00:00: preço=8.36 > banda_sup=8.27
2026-08-16 22:28:06 | INFO     | src.strategies.bollinger_bands | BB VENDA em 2016-07-18 00:00:00: preço=8.88 > banda_sup=8.83
2026-08-16 22:28:06 | INFO     | src.strategies.bollinger_bands | BB VENDA em 2016-07-22 00:00:00: preço=9.33 > banda_sup=9.17
2026-08-16 22:28:06 | INFO     | src.strategies.bollinger_bands | BB VENDA em 2016-10-20 00:00:00: preço=10.29 > banda_sup=10.23
2026-08-16 22:28:06 | INFO     | src.strategies.bollinger_bands | BB COMPRA em 2016-11-01 00:00:00: preço=9.12 < banda_inf=9.27
2026-08-16 22:28:06 | INFO     | src.strategies.bollinger_bands | BB COMPRA em 2016-11-10 00:00:00: preço=8.72 < banda_inf=8.79
2026-08-16 22:28:06 | INFO     | src.strategies.bollinger_bands | BB VENDA em 2017-01-03 00:00:00: preço=8.85 > banda_sup=8.75
2026-08-16 22:28:06 | INFO     | src.strategies.bollinger_bands | BB VENDA em 2017-01-12 00:00:00: preço=9.48 > banda_sup=9.36
2026-08-16 22:28:06 | INFO     | src.strategies.bollinger_bands | BB VENDA em 2017-02-14 00:00:00: preço=9.85 > banda_sup=9.74
2026-08-16 22:28:06 | INFO     | src.strategies.bollinger_bands | BB VENDA em 2017-03-15 00:00:00: preço=10.19 > banda_sup=10.10
2026-08-16 22:28:06 | INFO     | src.strategies.bollinger_bands | BB VENDA em 2017-03-20 00:00:00: preço=10.64 > banda_sup=10.57
2026-08-16 22:28:06 | INFO     | src.strategies.bollinger_bands | BB VENDA em 2017-04-17 00:00:00: preço=10.96 > banda_sup=10.85
2026-08-16 22:28:06 | INFO     | src.strategies.bollinger_bands | BB VENDA em 2017-04-27 00:00:00: preço=11.19 > banda_sup=11.12
2026-08-16 22:28:06 | INFO     | src.strategies.bollinger_bands | BB VENDA em 2017-05-10 00:00:00: preço=12.42 > banda_sup=12.34
2026-08-16 22:28:06 | INFO     | src.strategies.bollinger_bands | BB COMPRA em 2017-06-21 00:00:00: preço=10.89 < banda_inf=10.93
2026-08-16 22:28:06 | INFO     | src.strategies.bollinger_bands | BB VENDA em 2017-06-30 00:00:00: preço=11.58 > banda_sup=11.55
2026-08-16 22:28:06 | INFO     | src.strategies.bollinger_bands | BB VENDA em 2017-07-11 00:00:00: preço=12.05 > banda_sup=12.04
2026-08-16 22:28:06 | INFO     | src.strategies.bollinger_bands | BB VENDA em 2017-07-21 00:00:00: preço=13.26 > banda_sup=13.23
2026-08-16 22:28:06 | INFO     | src.strategies.bollinger_bands | BB VENDA em 2017-08-16 00:00:00: preço=13.79 > banda_sup=13.77
2026-08-16 22:28:06 | INFO     | src.strategies.bollinger_bands | BB COMPRA em 2017-09-28 00:00:00: preço=14.98 < banda_inf=15.07
2026-08-16 22:28:06 | INFO     | src.strategies.bollinger_bands | BB VENDA em 2017-11-07 00:00:00: preço=15.55 > banda_sup=15.50
2026-08-16 22:28:06 | INFO     | src.strategies.bollinger_bands | BB VENDA em 2017-11-17 00:00:00: preço=16.21 > banda_sup=16.09
2026-08-16 22:28:06 | INFO     | src.strategies.bollinger_bands | BB VENDA em 2017-12-27 00:00:00: preço=17.35 > banda_sup=17.15
2026-08-16 22:28:06 | INFO     | src.strategies.bollinger_bands | BB VENDA em 2018-01-02 00:00:00: preço=17.69 > banda_sup=17.48
2026-08-16 22:28:06 | INFO     | src.strategies.bollinger_bands | BB VENDA em 2018-01-17 00:00:00: preço=19.11 > banda_sup=18.98
2026-08-16 22:28:06 | INFO     | src.strategies.bollinger_bands | BB VENDA em 2018-01-26 00:00:00: preço=19.47 > banda_sup=19.41
2026-08-16 22:28:06 | INFO     | src.strategies.bollinger_bands | BB VENDA em 2018-01-31 00:00:00: preço=20.03 > banda_sup=19.94
2026-08-16 22:28:06 | INFO     | src.strategies.bollinger_bands | BB VENDA em 2018-02-23 00:00:00: preço=20.35 > banda_sup=20.31
2026-08-16 22:28:06 | INFO     | src.strategies.bollinger_bands | BB VENDA em 2018-03-08 00:00:00: preço=21.49 > banda_sup=21.19
2026-08-16 22:28:06 | INFO     | src.strategies.bollinger_bands | BB COMPRA em 2018-04-27 00:00:00: preço=21.88 < banda_inf=22.00
2026-08-16 22:28:06 | INFO     | src.strategies.bollinger_bands | BB COMPRA em 2018-05-28 00:00:00: preço=18.57 < banda_inf=18.73
2026-08-16 22:28:06 | INFO     | src.strategies.bollinger_bands | BB COMPRA em 2018-06-07 00:00:00: preço=18.15 < banda_inf=18.18
2026-08-16 22:28:06 | INFO     | src.strategies.bollinger_bands | BB VENDA em 2018-07-17 00:00:00: preço=19.09 > banda_sup=19.06
2026-08-16 22:28:06 | INFO     | src.strategies.bollinger_bands | BB VENDA em 2018-07-20 00:00:00: preço=19.76 > banda_sup=19.55
2026-08-16 22:28:06 | INFO     | src.strategies.bollinger_bands | BB VENDA em 2018-07-24 00:00:00: preço=19.98 > banda_sup=19.90
2026-08-16 22:28:06 | INFO     | src.strategies.bollinger_bands | BB COMPRA em 2018-08-21 00:00:00: preço=16.79 < banda_inf=16.83
2026-08-16 22:28:06 | INFO     | src.strategies.bollinger_bands | BB VENDA em 2018-09-21 00:00:00: preço=18.41 > banda_sup=18.38
2026-08-16 22:28:06 | INFO     | src.strategies.bollinger_bands | BB VENDA em 2018-10-03 00:00:00: preço=19.23 > banda_sup=18.87
2026-08-16 22:28:06 | INFO     | src.strategies.bollinger_bands | BB VENDA em 2018-10-08 00:00:00: preço=19.83 > banda_sup=19.58
2026-08-16 22:28:06 | INFO     | src.strategies.bollinger_bands | BB VENDA em 2018-10-30 00:00:00: preço=21.74 > banda_sup=21.46
2026-08-16 22:28:06 | INFO     | src.strategies.bollinger_bands | BB VENDA em 2018-12-21 00:00:00: preço=22.74 > banda_sup=22.63
2026-08-16 22:28:06 | INFO     | src.strategies.bollinger_bands | BB VENDA em 2018-12-28 00:00:00: preço=23.36 > banda_sup=23.21
2026-08-16 22:28:06 | INFO     | src.strategies.bollinger_bands | BB VENDA em 2019-01-21 00:00:00: preço=25.37 > banda_sup=25.03
2026-08-16 22:28:06 | INFO     | src.strategies.bollinger_bands | BB VENDA em 2019-02-14 00:00:00: preço=27.01 > banda_sup=26.87
2026-08-16 22:28:06 | INFO     | src.strategies.bollinger_bands | BB COMPRA em 2019-03-22 00:00:00: preço=25.31 < banda_inf=25.64
2026-08-16 22:28:06 | INFO     | src.strategies.bollinger_bands | BB COMPRA em 2019-03-27 00:00:00: preço=24.72 < banda_inf=24.92
2026-08-16 22:28:06 | INFO     | src.strategies.bollinger_bands | BB VENDA em 2019-04-23 00:00:00: preço=26.84 > banda_sup=26.69
2026-08-16 22:28:06 | INFO     | src.strategies.bollinger_bands | BB VENDA em 2019-04-26 00:00:00: preço=28.25 > banda_sup=27.60
2026-08-16 22:28:06 | INFO     | src.strategies.bollinger_bands | BB VENDA em 2019-05-28 00:00:00: preço=29.81 > banda_sup=29.60
2026-08-16 22:28:06 | INFO     | src.strategies.bollinger_bands | BB VENDA em 2019-06-19 00:00:00: preço=32.27 > banda_sup=32.16
2026-08-16 22:28:06 | INFO     | src.strategies.bollinger_bands | BB VENDA em 2019-06-24 00:00:00: preço=32.75 > banda_sup=32.60
2026-08-16 22:28:06 | INFO     | src.strategies.bollinger_bands | BB VENDA em 2019-07-04 00:00:00: preço=33.69 > banda_sup=33.57
2026-08-16 22:28:06 | INFO     | src.strategies.bollinger_bands | BB VENDA em 2019-08-01 00:00:00: preço=35.45 > banda_sup=35.25
2026-08-16 22:28:06 | INFO     | src.strategies.bollinger_bands | BB COMPRA em 2019-08-26 00:00:00: preço=33.89 < banda_inf=33.94
2026-08-16 22:28:06 | INFO     | src.strategies.bollinger_bands | BB VENDA em 2019-08-29 00:00:00: preço=36.49 > banda_sup=36.46
2026-08-16 22:28:06 | INFO     | src.strategies.bollinger_bands | BB COMPRA em 2019-10-02 00:00:00: preço=33.80 < banda_inf=33.90
2026-08-16 22:28:06 | INFO     | src.strategies.bollinger_bands | BB COMPRA em 2019-10-24 00:00:00: preço=32.96 < banda_inf=33.09
2026-08-16 22:28:06 | INFO     | src.strategies.bollinger_bands | BB VENDA em 2019-11-22 00:00:00: preço=35.05 > banda_sup=34.74
2026-08-16 22:28:06 | INFO     | src.strategies.bollinger_bands | BB VENDA em 2019-12-18 00:00:00: preço=38.34 > banda_sup=38.11
2026-08-16 22:28:06 | INFO     | src.strategies.bollinger_bands | BB VENDA em 2019-12-26 00:00:00: preço=40.20 > banda_sup=39.83
2026-08-16 22:28:06 | INFO     | src.strategies.bollinger_bands | BB VENDA em 2020-01-02 00:00:00: preço=41.33 > banda_sup=41.21
2026-08-16 22:28:06 | INFO     | src.strategies.bollinger_bands | BB VENDA em 2020-01-23 00:00:00: preço=43.10 > banda_sup=42.36
2026-08-16 22:28:06 | INFO     | src.strategies.bollinger_bands | BB VENDA em 2020-01-28 00:00:00: preço=44.07 > banda_sup=43.55
2026-08-16 22:28:06 | INFO     | src.strategies.bollinger_bands | BB COMPRA em 2020-02-26 00:00:00: preço=42.17 < banda_inf=43.08
2026-08-16 22:28:06 | INFO     | src.strategies.bollinger_bands | BB COMPRA em 2020-03-06 00:00:00: preço=37.53 < banda_inf=38.61
2026-08-16 22:28:06 | INFO     | src.strategies.bollinger_bands | BB COMPRA em 2020-03-11 00:00:00: preço=32.45 < banda_inf=33.14
2026-08-16 22:28:06 | INFO     | src.strategies.bollinger_bands | BB COMPRA em 2020-03-16 00:00:00: preço=22.96 < banda_inf=25.50
2026-08-16 22:28:06 | INFO     | src.strategies.bollinger_bands | BB COMPRA em 2020-03-18 00:00:00: preço=19.93 < banda_inf=20.16
2026-08-16 22:28:06 | INFO     | src.strategies.bollinger_bands | BB VENDA em 2020-07-07 00:00:00: preço=36.83 > banda_sup=36.56
2026-08-16 22:28:06 | INFO     | src.strategies.bollinger_bands | BB VENDA em 2020-07-17 00:00:00: preço=38.45 > banda_sup=38.36
2026-08-16 22:28:06 | INFO     | src.strategies.bollinger_bands | BB VENDA em 2020-07-30 00:00:00: preço=41.81 > banda_sup=40.49
2026-08-16 22:28:06 | INFO     | src.strategies.bollinger_bands | BB VENDA em 2020-09-08 00:00:00: preço=44.96 > banda_sup=43.85
2026-08-16 22:28:06 | INFO     | src.strategies.bollinger_bands | BB VENDA em 2020-09-23 00:00:00: preço=49.43 > banda_sup=47.44
2026-08-16 22:28:06 | INFO     | src.strategies.bollinger_bands | BB VENDA em 2020-11-05 00:00:00: preço=56.90 > banda_sup=56.47
2026-08-16 22:28:06 | INFO     | src.strategies.bollinger_bands | BB COMPRA em 2020-12-09 00:00:00: preço=53.54 < banda_inf=53.59
2026-08-16 22:28:06 | INFO     | src.strategies.bollinger_bands | BB VENDA em 2020-12-30 00:00:00: preço=57.87 > banda_sup=57.80
2026-08-16 22:28:06 | INFO     | src.strategies.bollinger_bands | BB VENDA em 2021-01-08 00:00:00: preço=59.59 > banda_sup=58.80
2026-08-16 22:28:06 | INFO     | src.strategies.bollinger_bands | BB VENDA em 2021-01-14 00:00:00: preço=62.05 > banda_sup=61.25
2026-08-16 22:28:06 | INFO     | src.strategies.bollinger_bands | BB COMPRA em 2021-02-22 00:00:00: preço=51.27 < banda_inf=52.26
2026-08-16 22:28:06 | INFO     | src.strategies.bollinger_bands | BB COMPRA em 2021-02-26 00:00:00: preço=48.68 < banda_inf=48.91
2026-08-16 22:28:06 | INFO     | src.strategies.bollinger_bands | BB VENDA em 2021-04-06 00:00:00: preço=52.42 > banda_sup=52.35
2026-08-16 22:28:06 | INFO     | src.strategies.bollinger_bands | BB VENDA em 2021-04-08 00:00:00: preço=53.46 > banda_sup=53.37
2026-08-16 22:28:06 | INFO     | src.strategies.bollinger_bands | BB COMPRA em 2021-05-12 00:00:00: preço=49.02 < banda_inf=50.13
2026-08-16 22:28:06 | INFO     | src.strategies.bollinger_bands | BB VENDA em 2021-06-04 00:00:00: preço=56.04 > banda_sup=55.96
2026-08-16 22:28:06 | INFO     | src.strategies.bollinger_bands | BB VENDA em 2021-07-07 00:00:00: preço=55.87 > banda_sup=55.43
2026-08-16 22:28:06 | INFO     | src.strategies.bollinger_bands | BB VENDA em 2021-07-14 00:00:00: preço=57.75 > banda_sup=56.78
2026-08-16 22:28:06 | INFO     | src.strategies.bollinger_bands | BB COMPRA em 2021-07-30 00:00:00: preço=52.34 < banda_inf=52.86
2026-08-16 22:28:06 | INFO     | src.strategies.bollinger_bands | BB VENDA em 2021-09-08 00:00:00: preço=50.42 > banda_sup=50.30
2026-08-16 22:28:06 | INFO     | src.strategies.bollinger_bands | BB COMPRA em 2021-10-04 00:00:00: preço=44.80 < banda_inf=44.94
2026-08-16 22:28:06 | INFO     | src.strategies.bollinger_bands | BB COMPRA em 2021-10-21 00:00:00: preço=41.69 < banda_inf=42.79
2026-08-16 22:28:06 | INFO     | src.strategies.bollinger_bands | BB VENDA em 2021-12-08 00:00:00: preço=47.23 > banda_sup=47.16
2026-08-16 22:28:06 | INFO     | src.strategies.bollinger_bands | BB VENDA em 2021-12-10 00:00:00: preço=47.84 > banda_sup=47.84
2026-08-16 22:28:06 | INFO     | src.strategies.bollinger_bands | BB VENDA em 2021-12-15 00:00:00: preço=50.03 > banda_sup=49.56
2026-08-16 22:28:06 | INFO     | src.strategies.bollinger_bands | BB COMPRA em 2022-01-03 00:00:00: preço=43.04 < banda_inf=43.21
2026-08-16 22:28:06 | INFO     | src.strategies.bollinger_bands | BB VENDA em 2022-01-25 00:00:00: preço=47.15 > banda_sup=47.01
2026-08-16 22:28:06 | INFO     | src.strategies.bollinger_bands | BB VENDA em 2022-02-22 00:00:00: preço=52.08 > banda_sup=51.64
2026-08-16 22:28:06 | INFO     | src.strategies.bollinger_bands | BB COMPRA em 2022-03-04 00:00:00: preço=45.00 < banda_inf=45.57
2026-08-16 22:28:06 | INFO     | src.strategies.bollinger_bands | BB VENDA em 2022-03-25 00:00:00: preço=51.44 > banda_sup=51.18
2026-08-16 22:28:06 | INFO     | src.strategies.bollinger_bands | BB COMPRA em 2022-04-26 00:00:00: preço=45.09 < banda_inf=45.57
2026-08-16 22:28:06 | INFO     | src.strategies.bollinger_bands | BB COMPRA em 2022-06-08 00:00:00: preço=44.35 < banda_inf=44.81
2026-08-16 22:28:06 | INFO     | src.strategies.bollinger_bands | BB COMPRA em 2022-06-13 00:00:00: preço=41.65 < banda_inf=42.83
2026-08-16 22:28:06 | INFO     | src.strategies.bollinger_bands | BB VENDA em 2022-07-07 00:00:00: preço=47.88 > banda_sup=46.90
2026-08-16 22:28:06 | INFO     | src.strategies.bollinger_bands | BB VENDA em 2022-07-27 00:00:00: preço=49.16 > banda_sup=48.91
2026-08-16 22:28:06 | INFO     | src.strategies.bollinger_bands | BB VENDA em 2022-08-03 00:00:00: preço=50.63 > banda_sup=50.29
2026-08-16 22:28:06 | INFO     | src.strategies.bollinger_bands | BB COMPRA em 2022-09-29 00:00:00: preço=51.13 < banda_inf=51.35
2026-08-16 22:28:06 | INFO     | src.strategies.bollinger_bands | BB VENDA em 2022-10-31 00:00:00: preço=60.69 > banda_sup=60.08
2026-08-16 22:28:06 | INFO     | src.strategies.bollinger_bands | BB COMPRA em 2022-11-16 00:00:00: preço=52.13 < banda_inf=52.76
2026-08-16 22:28:06 | INFO     | src.strategies.bollinger_bands | BB COMPRA em 2022-12-08 00:00:00: preço=46.18 < banda_inf=46.23
2026-08-16 22:28:06 | INFO     | src.strategies.bollinger_bands | BB VENDA em 2023-01-18 00:00:00: preço=50.25 > banda_sup=49.67
2026-08-16 22:28:06 | INFO     | src.strategies.bollinger_bands | BB COMPRA em 2023-03-01 00:00:00: preço=46.24 < banda_inf=46.35
2026-08-16 22:28:06 | INFO     | src.strategies.bollinger_bands | BB COMPRA em 2023-03-23 00:00:00: preço=43.41 < banda_inf=43.92
2026-08-16 22:28:06 | INFO     | src.strategies.bollinger_bands | BB VENDA em 2023-04-11 00:00:00: preço=49.65 > banda_sup=48.89
2026-08-16 22:28:06 | INFO     | src.strategies.bollinger_bands | BB VENDA em 2023-05-10 00:00:00: preço=52.49 > banda_sup=52.11
2026-08-16 22:28:06 | INFO     | src.strategies.bollinger_bands | BB VENDA em 2023-06-06 00:00:00: preço=59.26 > banda_sup=58.81
2026-08-16 22:28:06 | INFO     | src.strategies.bollinger_bands | BB VENDA em 2023-07-03 00:00:00: preço=60.73 > banda_sup=60.55
2026-08-16 22:28:06 | INFO     | src.strategies.bollinger_bands | BB VENDA em 2023-07-05 00:00:00: preço=61.39 > banda_sup=61.21
2026-08-16 22:28:06 | INFO     | src.strategies.bollinger_bands | BB COMPRA em 2023-07-27 00:00:00: preço=58.11 < banda_inf=59.03
2026-08-16 22:28:06 | INFO     | src.strategies.bollinger_bands | BB COMPRA em 2023-08-14 00:00:00: preço=56.46 < banda_inf=56.59
2026-08-16 22:28:06 | INFO     | src.strategies.bollinger_bands | BB COMPRA em 2023-08-17 00:00:00: preço=55.13 < banda_inf=55.47
2026-08-16 22:28:06 | INFO     | src.strategies.bollinger_bands | BB COMPRA em 2023-09-06 00:00:00: preço=53.23 < banda_inf=53.38
2026-08-16 22:28:06 | INFO     | src.strategies.bollinger_bands | BB COMPRA em 2023-10-18 00:00:00: preço=45.25 < banda_inf=45.84
2026-08-16 22:28:06 | INFO     | src.strategies.bollinger_bands | BB VENDA em 2023-11-10 00:00:00: preço=50.22 > banda_sup=50.21
2026-08-16 22:28:06 | INFO     | src.strategies.bollinger_bands | BB VENDA em 2023-11-14 00:00:00: preço=52.27 > banda_sup=51.40
2026-08-16 22:28:06 | INFO     | src.strategies.bollinger_bands | BB VENDA em 2023-12-13 00:00:00: preço=55.74 > banda_sup=55.24
2026-08-16 22:28:06 | INFO     | src.strategies.bollinger_bands | BB COMPRA em 2024-01-26 00:00:00: preço=50.18 < banda_inf=50.78
2026-08-16 22:28:06 | INFO     | src.strategies.bollinger_bands | BB COMPRA em 2024-03-04 00:00:00: preço=45.65 < banda_inf=45.68
2026-08-16 22:28:06 | INFO     | src.strategies.bollinger_bands | BB VENDA em 2024-04-09 00:00:00: preço=49.72 > banda_sup=49.45
2026-08-16 22:28:06 | INFO     | src.strategies.bollinger_bands | BB COMPRA em 2024-04-15 00:00:00: preço=45.46 < banda_inf=45.71
2026-08-16 22:28:06 | INFO     | src.strategies.bollinger_bands | BB COMPRA em 2024-05-10 00:00:00: preço=42.24 < banda_inf=42.88
2026-08-16 22:28:06 | INFO     | src.strategies.bollinger_bands | BB COMPRA em 2024-05-31 00:00:00: preço=38.40 < banda_inf=38.48
2026-08-16 22:28:06 | INFO     | src.strategies.bollinger_bands | BB VENDA em 2024-07-11 00:00:00: preço=42.28 > banda_sup=41.97
2026-08-16 22:28:06 | INFO     | src.strategies.bollinger_bands | BB VENDA em 2024-08-07 00:00:00: preço=44.05 > banda_sup=43.33
2026-08-16 22:28:06 | INFO     | src.strategies.bollinger_bands | BB VENDA em 2024-09-13 00:00:00: preço=40.10 > banda_sup=40.08
2026-08-16 22:28:06 | INFO     | src.strategies.bollinger_bands | BB VENDA em 2024-09-18 00:00:00: preço=40.66 > banda_sup=40.45
2026-08-16 22:28:06 | INFO     | src.strategies.bollinger_bands | BB COMPRA em 2024-11-01 00:00:00: preço=37.34 < banda_inf=37.44
2026-08-16 22:28:06 | INFO     | src.strategies.bollinger_bands | BB COMPRA em 2024-11-08 00:00:00: preço=37.47 < banda_inf=37.63
2026-08-16 22:28:06 | INFO     | src.strategies.bollinger_bands | BB VENDA em 2024-11-12 00:00:00: preço=41.64 > banda_sup=40.62
2026-08-16 22:28:06 | INFO     | src.strategies.bollinger_bands | BB COMPRA em 2024-11-28 00:00:00: preço=35.72 < banda_inf=36.33
2026-08-16 22:28:06 | INFO     | src.strategies.bollinger_bands | BB COMPRA em 2025-01-10 00:00:00: preço=26.79 < banda_inf=26.94
2026-08-16 22:28:06 | INFO     | src.strategies.bollinger_bands | BB COMPRA em 2025-02-21 00:00:00: preço=27.14 < banda_inf=27.16
2026-08-16 22:28:06 | INFO     | src.strategies.bollinger_bands | BB COMPRA em 2025-02-26 00:00:00: preço=25.65 < banda_inf=25.75
2026-08-16 22:28:06 | INFO     | src.strategies.bollinger_bands | BB VENDA em 2025-04-25 00:00:00: preço=40.26 > banda_sup=40.16
2026-08-16 22:28:06 | INFO     | src.strategies.bollinger_bands | BB COMPRA em 2025-06-26 00:00:00: preço=37.62 < banda_inf=38.97
2026-08-16 22:28:06 | INFO     | src.strategies.bollinger_bands | BB COMPRA em 2025-07-02 00:00:00: preço=36.46 < banda_inf=37.13
2026-08-16 22:28:06 | INFO     | src.strategies.bollinger_bands | BB COMPRA em 2025-08-20 00:00:00: preço=31.65 < banda_inf=31.78
2026-08-16 22:28:06 | INFO     | src.strategies.bollinger_bands | BB VENDA em 2025-09-05 00:00:00: preço=36.28 > banda_sup=35.79
2026-08-16 22:28:06 | INFO     | src.strategies.bollinger_bands | BB COMPRA em 2025-10-10 00:00:00: preço=34.53 < banda_inf=34.82
2026-08-16 22:28:06 | INFO     | src.strategies.bollinger_bands | BB VENDA em 2025-11-11 00:00:00: preço=41.72 > banda_sup=41.67
2026-08-16 22:28:06 | INFO     | src.strategies.bollinger_bands | BB VENDA em 2025-12-02 00:00:00: preço=45.87 > banda_sup=44.97
2026-08-16 22:28:06 | INFO     | src.strategies.bollinger_bands | BB COMPRA em 2026-01-16 00:00:00: preço=39.73 < banda_inf=40.16
2026-08-16 22:28:06 | INFO     | src.strategies.bollinger_bands | BB VENDA em 2026-01-27 00:00:00: preço=46.56 > banda_sup=45.70
2026-08-16 22:28:06 | INFO     | src.strategies.bollinger_bands | BB COMPRA em 2026-03-03 00:00:00: preço=47.73 < banda_inf=47.90
2026-08-16 22:28:06 | INFO     | src.strategies.bollinger_bands | BB COMPRA em 2026-03-05 00:00:00: preço=45.78 < banda_inf=47.09
2026-08-16 22:28:06 | INFO     | src.strategies.bollinger_bands | BB COMPRA em 2026-03-13 00:00:00: preço=42.58 < banda_inf=42.69
2026-08-16 22:28:06 | INFO     | src.strategies.bollinger_bands | BB VENDA em 2026-04-08 00:00:00: preço=48.75 > banda_sup=48.64
2026-08-16 22:28:06 | INFO     | src.strategies.bollinger_bands | BB COMPRA em 2026-04-29 00:00:00: preço=44.64 < banda_inf=44.78
2026-08-16 22:28:06 | INFO     | src.strategies.bollinger_bands | BB COMPRA em 2026-06-10 00:00:00: preço=38.63 < banda_inf=38.76
2026-08-16 22:28:06 | INFO     | src.strategies.bollinger_bands | BB VENDA em 2026-06-26 00:00:00: preço=42.56 > banda_sup=42.31
2026-08-16 22:28:06 | INFO     | src.strategies.bollinger_bands | BB COMPRA em 2026-07-20 00:00:00: preço=37.49 < banda_inf=37.68
2026-08-16 22:28:06 | INFO     | src.backtesting.engine | Backtest iniciado: capital=100000.00, 2639 dias, estrategia=Bollinger Bands (20,2.0)
2026-08-16 22:28:06 | INFO     | src.backtesting.engine | Backtest concluído: 100000.00 → 308947.74 (208.95%) | 61 trades | custos=CostModel
2026-08-16 22:28:06 | INFO     | src.strategies.buy_and_hold | BuyAndHold: entrada em 2016-01-04 00:00:00 a R$ 16.81
2026-08-16 22:28:06 | INFO     | src.backtesting.engine | Backtest iniciado: capital=100000.00, 2639 dias, estrategia=Buy and Hold
2026-08-16 22:28:06 | INFO     | src.backtesting.engine | Backtest concluído: 100000.00 → 254869.98 (154.87%) | 1 trades | custos=CostModel
2026-08-16 22:28:06 | INFO     | src.strategies.sma_cross | GOLDEN CROSS em 2017-11-10 00:00:00: fast=17.04 slow=17.03
2026-08-16 22:28:06 | INFO     | src.strategies.sma_cross | DEATH CROSS em 2017-11-27 00:00:00: fast=17.01 slow=17.02
2026-08-16 22:28:06 | INFO     | src.strategies.sma_cross | GOLDEN CROSS em 2018-02-20 00:00:00: fast=16.96 slow=16.95
2026-08-16 22:28:06 | INFO     | src.strategies.sma_cross | DEATH CROSS em 2018-12-06 00:00:00: fast=34.79 slow=34.95
2026-08-16 22:28:06 | INFO     | src.strategies.sma_cross | GOLDEN CROSS em 2019-03-06 00:00:00: fast=37.84 slow=37.72
2026-08-16 22:28:06 | INFO     | src.strategies.sma_cross | DEATH CROSS em 2019-05-21 00:00:00: fast=37.43 slow=37.45
2026-08-16 22:28:06 | INFO     | src.strategies.sma_cross | GOLDEN CROSS em 2019-12-16 00:00:00: fast=31.64 slow=31.53
2026-08-16 22:28:06 | INFO     | src.strategies.sma_cross | DEATH CROSS em 2021-07-19 00:00:00: fast=53.26 slow=53.48
2026-08-16 22:28:06 | INFO     | src.strategies.sma_cross | GOLDEN CROSS em 2022-01-28 00:00:00: fast=51.21 slow=51.05
2026-08-16 22:28:06 | INFO     | src.strategies.sma_cross | DEATH CROSS em 2022-05-04 00:00:00: fast=49.23 slow=49.26
2026-08-16 22:28:06 | INFO     | src.strategies.sma_cross | GOLDEN CROSS em 2022-12-02 00:00:00: fast=45.64 slow=45.54
2026-08-16 22:28:06 | INFO     | src.strategies.sma_cross | DEATH CROSS em 2023-02-27 00:00:00: fast=44.31 slow=44.32
2026-08-16 22:28:06 | INFO     | src.strategies.sma_cross | GOLDEN CROSS em 2023-08-21 00:00:00: fast=43.28 slow=43.26
2026-08-16 22:28:06 | INFO     | src.strategies.sma_cross | DEATH CROSS em 2024-06-18 00:00:00: fast=51.11 slow=51.21
2026-08-16 22:28:06 | INFO     | src.strategies.sma_cross | GOLDEN CROSS em 2024-10-25 00:00:00: fast=52.05 slow=52.00
2026-08-16 22:28:06 | INFO     | src.strategies.sma_cross | DEATH CROSS em 2025-04-11 00:00:00: fast=54.72 slow=54.76
2026-08-16 22:28:06 | INFO     | src.strategies.sma_cross | GOLDEN CROSS em 2026-02-04 00:00:00: fast=49.89 slow=49.88
2026-08-16 22:28:06 | INFO     | src.strategies.sma_cross | DEATH CROSS em 2026-05-11 00:00:00: fast=49.90 slow=50.04
2026-08-16 22:28:06 | INFO     | src.backtesting.engine | Backtest iniciado: capital=100000.00, 2639 dias, estrategia=SMA Cross (50/200)
2026-08-16 22:28:06 | INFO     | src.backtesting.engine | Backtest concluído: 100000.00 → 112905.32 (12.91%) | 18 trades | custos=CostModel
2026-08-16 22:28:06 | INFO     | src.strategies.bollinger_bands | BB VENDA em 2016-04-26 00:00:00: preço=17.03 > banda_sup=16.92
2026-08-16 22:28:06 | INFO     | src.strategies.bollinger_bands | BB VENDA em 2017-11-10 00:00:00: preço=17.49 > banda_sup=17.26
2026-08-16 22:28:06 | INFO     | src.strategies.bollinger_bands | BB COMPRA em 2017-11-14 00:00:00: preço=16.76 < banda_inf=16.79
2026-08-16 22:28:06 | INFO     | src.strategies.bollinger_bands | BB VENDA em 2017-11-21 00:00:00: preço=17.53 > banda_sup=17.49
2026-08-16 22:28:06 | INFO     | src.strategies.bollinger_bands | BB COMPRA em 2017-11-24 00:00:00: preço=16.46 < banda_inf=16.49
2026-08-16 22:28:06 | INFO     | src.strategies.bollinger_bands | BB VENDA em 2018-01-08 00:00:00: preço=16.42 > banda_sup=16.41
2026-08-16 22:28:06 | INFO     | src.strategies.bollinger_bands | BB VENDA em 2018-01-18 00:00:00: preço=18.05 > banda_sup=17.40
2026-08-16 22:28:06 | INFO     | src.strategies.bollinger_bands | BB VENDA em 2018-02-19 00:00:00: preço=18.99 > banda_sup=18.81
2026-08-16 22:28:06 | INFO     | src.strategies.bollinger_bands | BB VENDA em 2018-03-14 00:00:00: preço=20.63 > banda_sup=20.37
2026-08-16 22:28:06 | INFO     | src.strategies.bollinger_bands | BB VENDA em 2018-03-16 00:00:00: preço=24.50 > banda_sup=22.11
2026-08-16 22:28:06 | INFO     | src.strategies.bollinger_bands | BB VENDA em 2018-04-30 00:00:00: preço=35.46 > banda_sup=35.15
2026-08-16 22:28:06 | INFO     | src.strategies.bollinger_bands | BB VENDA em 2018-05-14 00:00:00: preço=39.08 > banda_sup=38.55
2026-08-16 22:28:06 | INFO     | src.strategies.bollinger_bands | BB VENDA em 2018-06-05 00:00:00: preço=41.72 > banda_sup=41.56
2026-08-16 22:28:06 | INFO     | src.strategies.bollinger_bands | BB COMPRA em 2018-07-18 00:00:00: preço=36.50 < banda_inf=36.59
2026-08-16 22:28:06 | INFO     | src.strategies.bollinger_bands | BB VENDA em 2018-08-13 00:00:00: preço=40.59 > banda_sup=40.06
2026-08-16 22:28:06 | INFO     | src.strategies.bollinger_bands | BB VENDA em 2018-08-21 00:00:00: preço=40.75 > banda_sup=40.58
2026-08-16 22:28:06 | INFO     | src.strategies.bollinger_bands | BB VENDA em 2018-09-05 00:00:00: preço=46.74 > banda_sup=46.02
2026-08-16 22:28:06 | INFO     | src.strategies.bollinger_bands | BB COMPRA em 2018-10-04 00:00:00: preço=36.03 < banda_inf=36.82
2026-08-16 22:28:06 | INFO     | src.strategies.bollinger_bands | BB COMPRA em 2018-10-30 00:00:00: preço=31.59 < banda_inf=32.09
2026-08-16 22:28:06 | INFO     | src.strategies.bollinger_bands | BB COMPRA em 2018-11-09 00:00:00: preço=29.71 < banda_inf=29.74
2026-08-16 22:28:06 | INFO     | src.strategies.bollinger_bands | BB VENDA em 2018-11-30 00:00:00: preço=35.32 > banda_sup=34.88
2026-08-16 22:28:06 | INFO     | src.strategies.bollinger_bands | BB VENDA em 2019-01-15 00:00:00: preço=36.54 > banda_sup=35.20
2026-08-16 22:28:06 | INFO     | src.strategies.bollinger_bands | BB VENDA em 2019-01-18 00:00:00: preço=38.32 > banda_sup=37.99
2026-08-16 22:28:06 | INFO     | src.strategies.bollinger_bands | BB VENDA em 2019-02-26 00:00:00: preço=43.45 > banda_sup=42.71
2026-08-16 22:28:06 | INFO     | src.strategies.bollinger_bands | BB COMPRA em 2019-03-20 00:00:00: preço=37.89 < banda_inf=38.42
2026-08-16 22:28:06 | INFO     | src.strategies.bollinger_bands | BB COMPRA em 2019-04-10 00:00:00: preço=37.25 < banda_inf=37.54
2026-08-16 22:28:06 | INFO     | src.strategies.bollinger_bands | BB VENDA em 2019-05-09 00:00:00: preço=38.56 > banda_sup=38.19
2026-08-16 22:28:06 | INFO     | src.strategies.bollinger_bands | BB COMPRA em 2019-05-13 00:00:00: preço=33.29 < banda_inf=34.01
2026-08-16 22:28:06 | INFO     | src.strategies.bollinger_bands | BB COMPRA em 2019-08-23 00:00:00: preço=24.45 < banda_inf=25.08
2026-08-16 22:28:06 | INFO     | src.strategies.bollinger_bands | BB VENDA em 2019-09-13 00:00:00: preço=29.08 > banda_sup=28.90
2026-08-16 22:28:06 | INFO     | src.strategies.bollinger_bands | BB VENDA em 2019-10-11 00:00:00: preço=30.77 > banda_sup=30.55
2026-08-16 22:28:06 | INFO     | src.strategies.bollinger_bands | BB VENDA em 2019-11-04 00:00:00: preço=31.82 > banda_sup=31.82
2026-08-16 22:28:06 | INFO     | src.strategies.bollinger_bands | BB VENDA em 2019-11-07 00:00:00: preço=33.41 > banda_sup=33.13
2026-08-16 22:28:06 | INFO     | src.strategies.bollinger_bands | BB VENDA em 2019-12-17 00:00:00: preço=34.95 > banda_sup=34.70
2026-08-16 22:28:06 | INFO     | src.strategies.bollinger_bands | BB VENDA em 2019-12-26 00:00:00: preço=35.56 > banda_sup=35.52
2026-08-16 22:28:06 | INFO     | src.strategies.bollinger_bands | BB VENDA em 2020-01-08 00:00:00: preço=37.68 > banda_sup=36.90
2026-08-16 22:28:06 | INFO     | src.strategies.bollinger_bands | BB VENDA em 2020-01-13 00:00:00: preço=39.03 > banda_sup=38.31
2026-08-16 22:28:06 | INFO     | src.strategies.bollinger_bands | BB VENDA em 2020-03-04 00:00:00: preço=38.02 > banda_sup=37.12
2026-08-16 22:28:06 | INFO     | src.strategies.bollinger_bands | BB COMPRA em 2020-03-11 00:00:00: preço=30.96 < banda_inf=31.60
2026-08-16 22:28:06 | INFO     | src.strategies.bollinger_bands | BB VENDA em 2020-05-07 00:00:00: preço=39.30 > banda_sup=37.97
2026-08-16 22:28:06 | INFO     | src.strategies.bollinger_bands | BB COMPRA em 2020-06-30 00:00:00: preço=32.12 < banda_inf=32.15
2026-08-16 22:28:06 | INFO     | src.strategies.bollinger_bands | BB VENDA em 2020-07-17 00:00:00: preço=34.80 > banda_sup=34.65
2026-08-16 22:28:06 | INFO     | src.strategies.bollinger_bands | BB VENDA em 2020-07-24 00:00:00: preço=36.94 > banda_sup=36.50
2026-08-16 22:28:06 | INFO     | src.strategies.bollinger_bands | BB VENDA em 2020-08-06 00:00:00: preço=40.45 > banda_sup=40.27
2026-08-16 22:28:06 | INFO     | src.strategies.bollinger_bands | BB VENDA em 2020-08-10 00:00:00: preço=41.35 > banda_sup=41.35
2026-08-16 22:28:06 | INFO     | src.strategies.bollinger_bands | BB VENDA em 2020-08-14 00:00:00: preço=44.09 > banda_sup=43.65
2026-08-16 22:28:06 | INFO     | src.strategies.bollinger_bands | BB VENDA em 2020-10-16 00:00:00: preço=44.17 > banda_sup=44.13
2026-08-16 22:28:06 | INFO     | src.strategies.bollinger_bands | BB VENDA em 2020-11-03 00:00:00: preço=46.00 > banda_sup=45.81
2026-08-16 22:28:06 | INFO     | src.strategies.bollinger_bands | BB VENDA em 2020-11-27 00:00:00: preço=48.49 > banda_sup=47.66
2026-08-16 22:28:06 | INFO     | src.strategies.bollinger_bands | BB VENDA em 2021-01-07 00:00:00: preço=54.57 > banda_sup=53.89
2026-08-16 22:28:06 | INFO     | src.strategies.bollinger_bands | BB VENDA em 2021-01-19 00:00:00: preço=56.94 > banda_sup=56.73
2026-08-16 22:28:06 | INFO     | src.strategies.bollinger_bands | BB VENDA em 2021-02-11 00:00:00: preço=61.70 > banda_sup=60.82
2026-08-16 22:28:06 | INFO     | src.strategies.bollinger_bands | BB COMPRA em 2021-03-31 00:00:00: preço=59.86 < banda_inf=60.55
2026-08-16 22:28:06 | INFO     | src.strategies.bollinger_bands | BB COMPRA em 2021-04-28 00:00:00: preço=58.97 < banda_inf=59.21
2026-08-16 22:28:06 | INFO     | src.strategies.bollinger_bands | BB COMPRA em 2021-05-20 00:00:00: preço=55.17 < banda_inf=56.04
2026-08-16 22:28:06 | INFO     | src.strategies.bollinger_bands | BB COMPRA em 2021-05-26 00:00:00: preço=54.33 < banda_inf=54.81
2026-08-16 22:28:06 | INFO     | src.strategies.bollinger_bands | BB COMPRA em 2021-06-01 00:00:00: preço=51.80 < banda_inf=52.07
2026-08-16 22:28:06 | INFO     | src.strategies.bollinger_bands | BB COMPRA em 2021-07-16 00:00:00: preço=49.20 < banda_inf=49.44
2026-08-16 22:28:06 | INFO     | src.strategies.bollinger_bands | BB VENDA em 2021-08-24 00:00:00: preço=51.56 > banda_sup=51.21
2026-08-16 22:28:06 | INFO     | src.strategies.bollinger_bands | BB COMPRA em 2021-09-16 00:00:00: preço=47.83 < banda_inf=48.41
2026-08-16 22:28:06 | INFO     | src.strategies.bollinger_bands | BB VENDA em 2021-11-16 00:00:00: preço=46.43 > banda_sup=45.95
2026-08-16 22:28:06 | INFO     | src.strategies.bollinger_bands | BB VENDA em 2021-12-01 00:00:00: preço=50.69 > banda_sup=50.49
2026-08-16 22:28:06 | INFO     | src.strategies.bollinger_bands | BB VENDA em 2022-01-12 00:00:00: preço=53.81 > banda_sup=53.80
2026-08-16 22:28:06 | INFO     | src.strategies.bollinger_bands | BB COMPRA em 2022-01-25 00:00:00: preço=50.11 < banda_inf=50.14
2026-08-16 22:28:06 | INFO     | src.strategies.bollinger_bands | BB COMPRA em 2022-02-23 00:00:00: preço=47.26 < banda_inf=48.58
2026-08-16 22:28:06 | INFO     | src.strategies.bollinger_bands | BB VENDA em 2022-03-18 00:00:00: preço=56.77 > banda_sup=56.30
2026-08-16 22:28:06 | INFO     | src.strategies.bollinger_bands | BB COMPRA em 2022-06-17 00:00:00: preço=43.88 < banda_inf=44.30
2026-08-16 22:28:06 | INFO     | src.strategies.bollinger_bands | BB COMPRA em 2022-06-22 00:00:00: preço=42.12 < banda_inf=42.59
2026-08-16 22:28:06 | INFO     | src.strategies.bollinger_bands | BB COMPRA em 2022-07-14 00:00:00: preço=40.22 < banda_inf=40.56
2026-08-16 22:28:06 | INFO     | src.strategies.bollinger_bands | BB COMPRA em 2022-08-26 00:00:00: preço=40.53 < banda_inf=41.00
2026-08-16 22:28:06 | INFO     | src.strategies.bollinger_bands | BB COMPRA em 2022-08-31 00:00:00: preço=39.56 < banda_inf=39.63
2026-08-16 22:28:06 | INFO     | src.strategies.bollinger_bands | BB COMPRA em 2022-09-23 00:00:00: preço=38.02 < banda_inf=38.25
2026-08-16 22:28:06 | INFO     | src.strategies.bollinger_bands | BB VENDA em 2022-10-05 00:00:00: preço=41.96 > banda_sup=41.48
2026-08-16 22:28:06 | INFO     | src.strategies.bollinger_bands | BB VENDA em 2022-10-10 00:00:00: preço=43.13 > banda_sup=42.61
2026-08-16 22:28:06 | INFO     | src.strategies.bollinger_bands | BB VENDA em 2022-10-28 00:00:00: preço=49.26 > banda_sup=48.79
2026-08-16 22:28:06 | INFO     | src.strategies.bollinger_bands | BB COMPRA em 2022-12-02 00:00:00: preço=45.92 < banda_inf=46.25
2026-08-16 22:28:06 | INFO     | src.strategies.bollinger_bands | BB COMPRA em 2022-12-23 00:00:00: preço=43.38 < banda_inf=43.50
2026-08-16 22:28:06 | INFO     | src.strategies.bollinger_bands | BB COMPRA em 2023-01-26 00:00:00: preço=42.05 < banda_inf=42.57
2026-08-16 22:28:06 | INFO     | src.strategies.bollinger_bands | BB COMPRA em 2023-03-10 00:00:00: preço=41.74 < banda_inf=41.90
2026-08-16 22:28:06 | INFO     | src.strategies.bollinger_bands | BB COMPRA em 2023-03-15 00:00:00: preço=40.95 < banda_inf=40.96
2026-08-16 22:28:06 | INFO     | src.strategies.bollinger_bands | BB COMPRA em 2023-04-06 00:00:00: preço=37.38 < banda_inf=37.47
2026-08-16 22:28:06 | INFO     | src.strategies.bollinger_bands | BB COMPRA em 2023-04-25 00:00:00: preço=35.93 < banda_inf=36.18
2026-08-16 22:28:06 | INFO     | src.strategies.bollinger_bands | BB VENDA em 2023-05-18 00:00:00: preço=42.00 > banda_sup=41.63
2026-08-16 22:28:06 | INFO     | src.strategies.bollinger_bands | BB VENDA em 2023-06-15 00:00:00: preço=44.77 > banda_sup=44.33
2026-08-16 22:28:06 | INFO     | src.strategies.bollinger_bands | BB VENDA em 2023-07-25 00:00:00: preço=41.89 > banda_sup=41.79
2026-08-16 22:28:06 | INFO     | src.strategies.bollinger_bands | BB VENDA em 2023-08-03 00:00:00: preço=45.97 > banda_sup=45.62
2026-08-16 22:28:06 | INFO     | src.strategies.bollinger_bands | BB COMPRA em 2023-09-08 00:00:00: preço=45.19 < banda_inf=45.37
2026-08-16 22:28:06 | INFO     | src.strategies.bollinger_bands | BB VENDA em 2023-09-15 00:00:00: preço=48.65 > banda_sup=48.16
2026-08-16 22:28:06 | INFO     | src.strategies.bollinger_bands | BB VENDA em 2023-09-19 00:00:00: preço=48.88 > banda_sup=48.75
2026-08-16 22:28:06 | INFO     | src.strategies.bollinger_bands | BB VENDA em 2023-10-13 00:00:00: preço=54.23 > banda_sup=53.83
2026-08-16 22:28:06 | INFO     | src.strategies.bollinger_bands | BB COMPRA em 2023-10-24 00:00:00: preço=48.63 < banda_inf=48.64
2026-08-16 22:28:06 | INFO     | src.strategies.bollinger_bands | BB COMPRA em 2023-12-06 00:00:00: preço=47.30 < banda_inf=47.41
2026-08-16 22:28:06 | INFO     | src.strategies.bollinger_bands | BB COMPRA em 2024-01-18 00:00:00: preço=48.84 < banda_inf=49.31
2026-08-16 22:28:06 | INFO     | src.strategies.bollinger_bands | BB VENDA em 2024-02-21 00:00:00: preço=52.38 > banda_sup=51.88
2026-08-16 22:28:06 | INFO     | src.strategies.bollinger_bands | BB VENDA em 2024-03-19 00:00:00: preço=59.57 > banda_sup=59.00
2026-08-16 22:28:06 | INFO     | src.strategies.bollinger_bands | BB COMPRA em 2024-05-07 00:00:00: preço=49.46 < banda_inf=52.85
2026-08-16 22:28:06 | INFO     | src.strategies.bollinger_bands | BB VENDA em 2024-06-26 00:00:00: preço=48.16 > banda_sup=48.01
2026-08-16 22:28:06 | INFO     | src.strategies.bollinger_bands | BB VENDA em 2024-08-20 00:00:00: preço=52.95 > banda_sup=52.87
2026-08-16 22:28:06 | INFO     | src.strategies.bollinger_bands | BB COMPRA em 2024-09-16 00:00:00: preço=50.25 < banda_inf=50.66
2026-08-16 22:28:06 | INFO     | src.strategies.bollinger_bands | BB COMPRA em 2024-09-18 00:00:00: preço=49.85 < banda_inf=50.05
2026-08-16 22:28:06 | INFO     | src.strategies.bollinger_bands | BB COMPRA em 2024-09-23 00:00:00: preço=48.95 < banda_inf=49.04
2026-08-16 22:28:06 | INFO     | src.strategies.bollinger_bands | BB VENDA em 2024-10-22 00:00:00: preço=54.57 > banda_sup=54.10
2026-08-16 22:28:06 | INFO     | src.strategies.bollinger_bands | BB VENDA em 2024-10-25 00:00:00: preço=55.92 > banda_sup=55.24
2026-08-16 22:28:06 | INFO     | src.strategies.bollinger_bands | BB VENDA em 2024-10-30 00:00:00: preço=57.24 > banda_sup=57.14
2026-08-16 22:28:06 | INFO     | src.strategies.bollinger_bands | BB VENDA em 2024-11-29 00:00:00: preço=59.14 > banda_sup=58.77
2026-08-16 22:28:06 | INFO     | src.strategies.bollinger_bands | BB VENDA em 2024-12-03 00:00:00: preço=60.09 > banda_sup=59.65
2026-08-16 22:28:06 | INFO     | src.strategies.bollinger_bands | BB VENDA em 2024-12-09 00:00:00: preço=63.17 > banda_sup=62.92
2026-08-16 22:28:06 | INFO     | src.strategies.bollinger_bands | BB COMPRA em 2025-02-04 00:00:00: preço=58.64 < banda_inf=58.92
2026-08-16 22:28:06 | INFO     | src.strategies.bollinger_bands | BB COMPRA em 2025-02-12 00:00:00: preço=56.73 < banda_inf=56.85
2026-08-16 22:28:06 | INFO     | src.strategies.bollinger_bands | BB COMPRA em 2025-03-05 00:00:00: preço=54.19 < banda_inf=54.32
2026-08-16 22:28:06 | INFO     | src.strategies.bollinger_bands | BB COMPRA em 2025-04-03 00:00:00: preço=49.98 < banda_inf=50.83
2026-08-16 22:28:06 | INFO     | src.strategies.bollinger_bands | BB VENDA em 2025-05-15 00:00:00: preço=52.67 > banda_sup=52.53
2026-08-16 22:28:06 | INFO     | src.strategies.bollinger_bands | BB VENDA em 2025-07-25 00:00:00: preço=51.45 > banda_sup=51.41
2026-08-16 22:28:06 | INFO     | src.strategies.bollinger_bands | BB VENDA em 2025-08-07 00:00:00: preço=52.99 > banda_sup=52.26
2026-08-16 22:28:06 | INFO     | src.strategies.bollinger_bands | BB COMPRA em 2025-09-10 00:00:00: preço=49.72 < banda_inf=49.91
2026-08-16 22:28:06 | INFO     | src.strategies.bollinger_bands | BB COMPRA em 2025-09-12 00:00:00: preço=49.36 < banda_inf=49.56
2026-08-16 22:28:06 | INFO     | src.strategies.bollinger_bands | BB COMPRA em 2025-10-07 00:00:00: preço=47.85 < banda_inf=47.90
2026-08-16 22:28:06 | INFO     | src.strategies.bollinger_bands | BB COMPRA em 2025-11-10 00:00:00: preço=45.70 < banda_inf=45.85
2026-08-16 22:28:06 | INFO     | src.strategies.bollinger_bands | BB VENDA em 2025-12-04 00:00:00: preço=48.48 > banda_sup=48.35
2026-08-16 22:28:06 | INFO     | src.strategies.bollinger_bands | BB VENDA em 2025-12-10 00:00:00: preço=50.57 > banda_sup=49.99
2026-08-16 22:28:06 | INFO     | src.strategies.bollinger_bands | BB VENDA em 2025-12-18 00:00:00: preço=51.53 > banda_sup=50.87
2026-08-16 22:28:06 | INFO     | src.strategies.bollinger_bands | BB COMPRA em 2026-01-29 00:00:00: preço=49.35 < banda_inf=49.45
2026-08-16 22:28:06 | INFO     | src.strategies.bollinger_bands | BB COMPRA em 2026-02-02 00:00:00: preço=48.72 < banda_inf=48.80
2026-08-16 22:28:06 | INFO     | src.strategies.bollinger_bands | BB VENDA em 2026-02-11 00:00:00: preço=57.92 > banda_sup=55.18
2026-08-16 22:28:06 | INFO     | src.strategies.bollinger_bands | BB COMPRA em 2026-03-12 00:00:00: preço=53.46 < banda_inf=53.80
2026-08-16 22:28:06 | INFO     | src.strategies.bollinger_bands | BB COMPRA em 2026-04-07 00:00:00: preço=46.43 < banda_inf=47.71
2026-08-16 22:28:06 | INFO     | src.strategies.bollinger_bands | BB COMPRA em 2026-05-04 00:00:00: preço=42.58 < banda_inf=43.08
2026-08-16 22:28:06 | INFO     | src.strategies.bollinger_bands | BB VENDA em 2026-06-16 00:00:00: preço=42.93 > banda_sup=42.90
2026-08-16 22:28:06 | INFO     | src.strategies.bollinger_bands | BB VENDA em 2026-06-18 00:00:00: preço=43.58 > banda_sup=43.26
2026-08-16 22:28:06 | INFO     | src.strategies.bollinger_bands | BB COMPRA em 2026-06-29 00:00:00: preço=39.68 < banda_inf=39.75
2026-08-16 22:28:06 | INFO     | src.strategies.bollinger_bands | BB VENDA em 2026-07-28 00:00:00: preço=43.10 > banda_sup=42.90
2026-08-16 22:28:06 | INFO     | src.strategies.bollinger_bands | BB VENDA em 2026-07-31 00:00:00: preço=43.32 > banda_sup=43.31
2026-08-16 22:28:06 | INFO     | src.backtesting.engine | Backtest iniciado: capital=100000.00, 2639 dias, estrategia=Bollinger Bands (20,2.0)
2026-08-16 22:28:06 | INFO     | src.backtesting.engine | Backtest concluído: 100000.00 → 126507.17 (26.51%) | 44 trades | custos=CostModel
2026-08-16 22:28:06 | INFO     | generate_dashboard_data |   ▌ ───────────────────────────────────────────────────────
2026-08-16 22:28:06 | INFO     | generate_dashboard_data |   ▌ Estratégia: Buy & Hold
2026-08-16 22:28:06 | INFO     | generate_dashboard_data |   ▌   Sharpe médio     = 0.6561
2026-08-16 22:28:06 | INFO     | generate_dashboard_data |   ▌   Sortino médio     = 0.9109
2026-08-16 22:28:06 | INFO     | generate_dashboard_data |   ▌   Retorno médio     = 733.99%
2026-08-16 22:28:06 | INFO     | generate_dashboard_data |   ▌   Drawdown médio    = -52.82%
2026-08-16 22:28:06 | INFO     | generate_dashboard_data |   ▌   Volatilidade méd  = 35.8780%
2026-08-16 22:28:06 | INFO     | generate_dashboard_data |   ▌   Trades (total)    = 10
2026-08-16 22:28:06 | INFO     | generate_dashboard_data |   ▌   Tickers           = ABEV3.SA, BBAS3.SA, BBDC4.SA, CMIG4.SA, ITUB4.SA, PETR4.SA, RENT3.SA, SUZB3.SA, VALE3.SA, WEGE3.SA
2026-08-16 22:28:06 | INFO     | generate_dashboard_data |   ▌ ───────────────────────────────────────────────────────
2026-08-16 22:28:06 | INFO     | generate_dashboard_data |   ▌ ───────────────────────────────────────────────────────
2026-08-16 22:28:06 | INFO     | generate_dashboard_data |   ▌ Estratégia: SMA Cross (50/200)
2026-08-16 22:28:06 | INFO     | generate_dashboard_data |   ▌   Sharpe médio     = 0.1978
2026-08-16 22:28:06 | INFO     | generate_dashboard_data |   ▌   Sortino médio     = 0.2153
2026-08-16 22:28:06 | INFO     | generate_dashboard_data |   ▌   Retorno médio     = 85.24%
2026-08-16 22:28:06 | INFO     | generate_dashboard_data |   ▌   Drawdown médio    = -61.63%
2026-08-16 22:28:06 | INFO     | generate_dashboard_data |   ▌   Volatilidade méd  = 24.8980%
2026-08-16 22:28:06 | INFO     | generate_dashboard_data |   ▌   Trades (total)    = 160
2026-08-16 22:28:06 | INFO     | generate_dashboard_data |   ▌   Tickers           = ABEV3.SA, BBAS3.SA, BBDC4.SA, CMIG4.SA, ITUB4.SA, PETR4.SA, RENT3.SA, SUZB3.SA, VALE3.SA, WEGE3.SA
2026-08-16 22:28:06 | INFO     | generate_dashboard_data |   ▌ ───────────────────────────────────────────────────────
2026-08-16 22:28:06 | INFO     | generate_dashboard_data |   ▌ ───────────────────────────────────────────────────────
2026-08-16 22:28:06 | INFO     | generate_dashboard_data |   ▌ Estratégia: Bollinger Bands (20,2)
2026-08-16 22:28:06 | INFO     | generate_dashboard_data |   ▌   Sharpe médio     = 0.3711
2026-08-16 22:28:06 | INFO     | generate_dashboard_data |   ▌   Sortino médio     = 0.3121
2026-08-16 22:28:06 | INFO     | generate_dashboard_data |   ▌   Retorno médio     = 141.68%
2026-08-16 22:28:06 | INFO     | generate_dashboard_data |   ▌   Drawdown médio    = -49.97%
2026-08-16 22:28:06 | INFO     | generate_dashboard_data |   ▌   Volatilidade méd  = 24.4210%
2026-08-16 22:28:06 | INFO     | generate_dashboard_data |   ▌   Trades (total)    = 569
2026-08-16 22:28:06 | INFO     | generate_dashboard_data |   ▌   Tickers           = ABEV3.SA, BBAS3.SA, BBDC4.SA, CMIG4.SA, ITUB4.SA, PETR4.SA, RENT3.SA, SUZB3.SA, VALE3.SA, WEGE3.SA
2026-08-16 22:28:06 | INFO     | generate_dashboard_data |   ▌ ───────────────────────────────────────────────────────
2026-08-16 22:28:06 | INFO     | generate_dashboard_data | ⏱  Backtests single-asset concluídos  [6s]
2026-08-16 22:28:06 | INFO     | generate_dashboard_data | ────────────────────────────────────────────────────────────
2026-08-16 22:28:06 | INFO     | generate_dashboard_data | FASE: Backtests de Portfólio Multi-Ativo
2026-08-16 22:28:06 | INFO     | generate_dashboard_data | ────────────────────────────────────────────────────────────
2026-08-16 22:28:06 | INFO     | src.backtesting.portfolio | EqualWeightPortfolio criada: rebalance_freq=63
2026-08-16 22:28:06 | INFO     | src.backtesting.portfolio | MinVariancePortfolio criada: window=252 allow_short=False
2026-08-16 22:28:06 | INFO     | generate_dashboard_data |   ▌ ───────────────────────────────────────────────────────
2026-08-16 22:28:06 | INFO     | generate_dashboard_data |   ▌ Portfolio: Equal Weight
2026-08-16 22:28:06 | INFO     | src.backtesting.portfolio | PortfolioBacktestEngine criada: estrategia=Equal Weight (Portfólio), 10 ativos, capital=100000.00, rebalance=63 dias
2026-08-16 22:28:06 | INFO     | src.backtesting.portfolio | PortfolioBacktest iniciado: 10 ativos, 2639 datas comuns, Equal Weight (Portfólio)
2026-08-16 22:28:07 | INFO     | src.backtesting.portfolio | PortfolioBacktest concluído: 100000.00 → 873704.47 (773.70%) | 419 trades
2026-08-16 22:28:07 | INFO     | generate_dashboard_data |   ▌   Sharpe        = 1.0092
2026-08-16 22:28:07 | INFO     | generate_dashboard_data |   ▌   Sortino       = 1.2874
2026-08-16 22:28:07 | INFO     | generate_dashboard_data |   ▌   Retorno       = 773.7%
2026-08-16 22:28:07 | INFO     | generate_dashboard_data |   ▌   Drawdown      = -42.60%
2026-08-16 22:28:07 | INFO     | generate_dashboard_data |   ▌   Final Equity  = R$ 873704.47
2026-08-16 22:28:07 | INFO     | generate_dashboard_data |   ▌   Trades        = 228
2026-08-16 22:28:07 | INFO     | generate_dashboard_data |   ▌   Tempo         = 0.5s
2026-08-16 22:28:07 | INFO     | generate_dashboard_data |   ▌   Top pesos     = WEGE3.SA: 11%, ITUB4.SA: 11%, BBDC4.SA: 10%, BBAS3.SA: 10%, SUZB3.SA: 10%
2026-08-16 22:28:07 | INFO     | generate_dashboard_data |   ▌ ───────────────────────────────────────────────────────
2026-08-16 22:28:07 | INFO     | generate_dashboard_data |   ▌ ───────────────────────────────────────────────────────
2026-08-16 22:28:07 | INFO     | generate_dashboard_data |   ▌ Portfolio: Min Variance
2026-08-16 22:28:07 | INFO     | src.backtesting.portfolio | PortfolioBacktestEngine criada: estrategia=Mínima Variância (252,n), 10 ativos, capital=100000.00, rebalance=63 dias
2026-08-16 22:28:07 | INFO     | src.backtesting.portfolio | PortfolioBacktest iniciado: 10 ativos, 2639 datas comuns, Mínima Variância (252,n)
2026-08-16 22:28:07 | WARNING  | src.backtesting.portfolio | MinVariance: dados insuficientes em 2016-01-04 — fallback equal weight
2026-08-16 22:28:07 | WARNING  | src.backtesting.portfolio | MinVariance: dados insuficientes em 2016-04-06 — fallback equal weight
2026-08-16 22:28:07 | WARNING  | src.backtesting.portfolio | MinVariance: dados insuficientes em 2016-07-06 — fallback equal weight
2026-08-16 22:28:07 | WARNING  | src.backtesting.portfolio | MinVariance: dados insuficientes em 2016-10-04 — fallback equal weight
2026-08-16 22:28:08 | INFO     | src.backtesting.portfolio | PortfolioBacktest concluído: 100000.00 → 908051.64 (808.05%) | 417 trades
2026-08-16 22:28:08 | INFO     | generate_dashboard_data |   ▌   Sharpe        = 1.0337
2026-08-16 22:28:08 | INFO     | generate_dashboard_data |   ▌   Sortino       = 1.3237
2026-08-16 22:28:08 | INFO     | generate_dashboard_data |   ▌   Retorno       = 808.05%
2026-08-16 22:28:08 | INFO     | generate_dashboard_data |   ▌   Drawdown      = -42.60%
2026-08-16 22:28:08 | INFO     | generate_dashboard_data |   ▌   Final Equity  = R$ 908051.64
2026-08-16 22:28:08 | INFO     | generate_dashboard_data |   ▌   Trades        = 222
2026-08-16 22:28:08 | INFO     | generate_dashboard_data |   ▌   Tempo         = 0.8s
2026-08-16 22:28:08 | INFO     | generate_dashboard_data |   ▌   Top pesos     = WEGE3.SA: 11%, ITUB4.SA: 11%, BBDC4.SA: 10%, BBAS3.SA: 10%, SUZB3.SA: 10%
2026-08-16 22:28:08 | INFO     | generate_dashboard_data |   ▌ ───────────────────────────────────────────────────────
2026-08-16 22:28:08 | INFO     | generate_dashboard_data | ⏱  Backtests de portfólio concluídos  [1s]
2026-08-16 22:28:08 | INFO     | generate_dashboard_data | Montando tabela comparativa e scatter plot...
2026-08-16 22:28:08 | INFO     | generate_dashboard_data | Comparação: 5 estratégias | Scatter: 5 pontos
2026-08-16 22:28:08 | INFO     | generate_dashboard_data | ⏱  Tabela e scatter montados  [0s]
2026-08-16 22:28:08 | INFO     | generate_dashboard_data | ============================================================
2026-08-16 22:28:08 | INFO     | generate_dashboard_data | ARQUIVO SALVO: C:\Users\LUCAS\Meu Canto\TCC\Hedge-Fund-Lab\dashboard\data.json  (16253 KB)
2026-08-16 22:28:08 | INFO     | generate_dashboard_data | Tickers: 10 | Estratégias: 3 single + 2 portfólio
2026-08-16 22:28:08 | INFO     | generate_dashboard_data | ⏱  Arquivo salvo  [0s]
2026-08-16 22:28:08 | INFO     | generate_dashboard_data | 
2026-08-16 22:28:08 | INFO     | generate_dashboard_data | 📊 RESULTADOS — Tabela Comparativa
2026-08-16 22:28:08 | INFO     | generate_dashboard_data | 
2026-08-16 22:28:08 | INFO     | generate_dashboard_data |   Estratégia                       Sharpe  Sortino      MaxDD  Retorno
2026-08-16 22:28:08 | INFO     | generate_dashboard_data |   --------------------------------------------------------------------
2026-08-16 22:28:08 | INFO     | generate_dashboard_data |   Buy & Hold                       0.9517   1.2075     -45.6%   734.0%
2026-08-16 22:28:08 | INFO     | generate_dashboard_data |   SMA Cross (50/200)               0.4491   0.4808     -40.4%    85.2%
2026-08-16 22:28:08 | INFO     | generate_dashboard_data |   Bollinger Bands (20,2)           0.6314   0.6578     -38.9%   141.7%
2026-08-16 22:28:08 | INFO     | generate_dashboard_data |   Equal Weight                     1.0092   1.2874     -42.6%   773.7%
2026-08-16 22:28:08 | INFO     | generate_dashboard_data |   Min Variance                     1.0337   1.3237     -42.6%   808.0%
2026-08-16 22:28:08 | INFO     | generate_dashboard_data | 
2026-08-24 22:48:47 | INFO     | root | Logging em arquivo: C:\Users\LUCAS\Meu Canto\TCC\Hedge-Fund-Lab\data\logs\hedgefund.log (nível=INFO)
2026-08-25 00:29:45 | INFO     | root | Logging em arquivo: C:\Users\LUCAS\Meu Canto\TCC\Hedge-Fund-Lab\data\logs\hedgefund.log (nível=INFO)
